CODIGO,DESCRICAO,NIVEL_1,correlacao_preco_volume,n_obs,min_obs_exigido,precos_mensais_distintos,volumes_mensais_distintos,receita_total,quantidade_total_observada,status_correlacao,tipo_analise,interpretacao,limitacao,tipo_triagem,nivel_confianca,regra_usada,evidencia,acao_recomendada
260322,"TINT.ESM.DIAL.B.AGUA BR 3,6L   PRETO",S - TINTAS E QUIMICOS,-0.7465106673250934,48,8,29,21,71684.71800000001,512.0,correlacao_calculada,associacao exploratoria,correlacao observacional; nao estabelece efeito causal,"NÃO VALIDADO: sazonalidade, mix, campanhas, disponibilidade e loja podem variar junto com preco e volume",investigacao_preco_correlacao,Baixa,correlacao_preco_volume < -0.4 e receita acima da mediana dos produtos validos,correlacao=-0.7465; n_obs=48; receita_total=71684.72,"Investigar cadastro, margem, concorrencia e campanhas antes de teste comercial controlado"
260321,"TINT.ESM.DIAL.B.AGUA BR 3,6L PLATINA",S - TINTAS E QUIMICOS,-0.7348802509236826,51,8,22,22,73078.53000000001,512.0,correlacao_calculada,associacao exploratoria,correlacao observacional; nao estabelece efeito causal,"NÃO VALIDADO: sazonalidade, mix, campanhas, disponibilidade e loja podem variar junto com preco e volume",investigacao_preco_correlacao,Baixa,correlacao_preco_volume < -0.4 e receita acima da mediana dos produtos validos,correlacao=-0.7349; n_obs=51; receita_total=73078.53,"Investigar cadastro, margem, concorrencia e campanhas antes de teste comercial controlado"
488930,FERRO PASSAR SEC.  HD1172/82 CZ M127,D - ELETROS,-0.6974985161050322,27,8,17,17,51312.261,712.0,correlacao_calculada,associacao exploratoria,correlacao observacional; nao estabelece efeito causal,"NÃO VALIDADO: sazonalidade, mix, campanhas, disponibilidade e loja podem variar junto com preco e volume",investigacao_preco_correlacao,Baixa,correlacao_preco_volume < -0.4 e receita acima da mediana dos produtos validos,correlacao=-0.6975; n_obs=27; receita_total=51312.26,"Investigar cadastro, margem, concorrencia e campanhas antes de teste comercial controlado"
260323,"TINT.ESM.DIAL.B.AGUA BR 3,6L  TABACO",S - TINTAS E QUIMICOS,-0.6962837971946155,63,8,33,25,102999.79199999999,788.0,correlacao_calculada,associacao exploratoria,correlacao observacional; nao estabelece efeito causal,"NÃO VALIDADO: sazonalidade, mix, campanhas, disponibilidade e loja podem variar junto com preco e volume",investigacao_preco_correlacao,Baixa,correlacao_preco_volume < -0.4 e receita acima da mediana dos produtos validos,correlacao=-0.6963; n_obs=63; receita_total=102999.79,"Investigar cadastro, margem, concorrencia e campanhas antes de teste comercial controlado"
166393,MARTELETE ROT/ROMP. 800W  HR2470 110,F - FERRAMENTAS,-0.6548175277541837,70,8,57,41,1679201.4715,1946.0,correlacao_calculada,associacao exploratoria,correlacao observacional; nao estabelece efeito causal,"NÃO VALIDADO: sazonalidade, mix, campanhas, disponibilidade e loja podem variar junto com preco e volume",investigacao_preco_correlacao,Baixa,correlacao_preco_volume < -0.4 e receita acima da mediana dos produtos validos,correlacao=-0.6548; n_obs=70; receita_total=1679201.47,"Investigar cadastro, margem, concorrencia e campanhas antes de teste comercial controlado"
432628,"FRITAD.ELET 4,2L ULTRA TOUCH MF M220",D - ELETROS,-0.6441808887228663,18,8,17,10,246973.06465669497,750.0,correlacao_calculada,associacao exploratoria,correlacao observacional; nao estabelece efeito causal,"NÃO VALIDADO: sazonalidade, mix, campanhas, disponibilidade e loja podem variar junto com preco e volume",investigacao_preco_correlacao,Baixa,correlacao_preco_volume < -0.4 e receita acima da mediana dos produtos validos,correlacao=-0.6442; n_obs=18; receita_total=246973.06,"Investigar cadastro, margem, concorrencia e campanhas antes de teste comercial controlado"
453474,FILTRO LINHA  5TOM    DPS TP10A MBIV,E - MATERIAIS ELETRICOS,-0.6438868677908003,95,8,63,33,104236.59750000002,1223.0,correlacao_calculada,associacao exploratoria,correlacao observacional; nao estabelece efeito causal,"NÃO VALIDADO: sazonalidade, mix, campanhas, disponibilidade e loja podem variar junto com preco e volume",investigacao_preco_correlacao,Baixa,correlacao_preco_volume < -0.4 e receita acima da mediana dos produtos validos,correlacao=-0.6439; n_obs=95; receita_total=104236.60,"Investigar cadastro, margem, concorrencia e campanhas antes de teste comercial controlado"
260273,"TINT.ESM.DIAL.B.AGUA BR 0,9L   PRETO",S - TINTAS E QUIMICOS,-0.64155740119592,124,8,56,42,87464.65349999999,2409.0,correlacao_calculada,associacao exploratoria,correlacao observacional; nao estabelece efeito causal,"NÃO VALIDADO: sazonalidade, mix, campanhas, disponibilidade e loja podem variar junto com preco e volume",investigacao_preco_correlacao,Baixa,correlacao_preco_volume < -0.4 e receita acima da mediana dos produtos validos,correlacao=-0.6416; n_obs=124; receita_total=87464.65,"Investigar cadastro, margem, concorrencia e campanhas antes de teste comercial controlado"
488473,RACK TV 1.40X0.58 PALADIO         BR,O - MOVEIS,-0.6269419738984483,25,8,14,13,76092.135,213.0,correlacao_calculada,associacao exploratoria,correlacao observacional; nao estabelece efeito causal,"NÃO VALIDADO: sazonalidade, mix, campanhas, disponibilidade e loja podem variar junto com preco e volume",investigacao_preco_correlacao,Baixa,correlacao_preco_volume < -0.4 e receita acima da mediana dos produtos validos,correlacao=-0.6269; n_obs=25; receita_total=76092.13,"Investigar cadastro, margem, concorrencia e campanhas antes de teste comercial controlado"
474294,TRILHO LED KIT 3 SPOT NE  5W PT MBIV,I - ILUMINACAO,-0.624186337006229,89,8,49,37,163972.0845,1452.0,correlacao_calculada,associacao exploratoria,correlacao observacional; nao estabelece efeito causal,"NÃO VALIDADO: sazonalidade, mix, campanhas, disponibilidade e loja podem variar junto com preco e volume",investigacao_preco_correlacao,Baixa,correlacao_preco_volume < -0.4 e receita acima da mediana dos produtos validos,correlacao=-0.6242; n_obs=89; receita_total=163972.08,"Investigar cadastro, margem, concorrencia e campanhas antes de teste comercial controlado"
467656,AP.JANTAR CER.12PC MANDALA    137393,B - UTILIDADES DOMESTICAS,-0.6079728809471093,124,8,84,46,301410.39678750007,2447.0,correlacao_calculada,associacao exploratoria,correlacao observacional; nao estabelece efeito causal,"NÃO VALIDADO: sazonalidade, mix, campanhas, disponibilidade e loja podem variar junto com preco e volume",investigacao_preco_correlacao,Baixa,correlacao_preco_volume < -0.4 e receita acima da mediana dos produtos validos,correlacao=-0.6080; n_obs=124; receita_total=301410.40,"Investigar cadastro, margem, concorrencia e campanhas antes de teste comercial controlado"
473252,PETISQUEIRA BAMBU C/ 7DIV.      6088,B - UTILIDADES DOMESTICAS,-0.6046481611329697,88,8,44,43,46320.67999999999,1994.0,correlacao_calculada,associacao exploratoria,correlacao observacional; nao estabelece efeito causal,"NÃO VALIDADO: sazonalidade, mix, campanhas, disponibilidade e loja podem variar junto com preco e volume",investigacao_preco_correlacao,Baixa,correlacao_preco_volume < -0.4 e receita acima da mediana dos produtos validos,correlacao=-0.6046; n_obs=88; receita_total=46320.68,"Investigar cadastro, margem, concorrencia e campanhas antes de teste comercial controlado"
466585,COLCHA QUEEN+P.TRAV 3PC PARIS SORT16,"K - CAMA, MESA E BANHO",-0.6019572774515406,136,8,40,29,111357.26000000001,851.0,correlacao_calculada,associacao exploratoria,correlacao observacional; nao estabelece efeito causal,"NÃO VALIDADO: sazonalidade, mix, campanhas, disponibilidade e loja podem variar junto com preco e volume",investigacao_preco_correlacao,Baixa,correlacao_preco_volume < -0.4 e receita acima da mediana dos produtos validos,correlacao=-0.6020; n_obs=136; receita_total=111357.26,"Investigar cadastro, margem, concorrencia e campanhas antes de teste comercial controlado"
479998,FRIGIDEIRA ANTIAD.02PC     VM 025336,B - UTILIDADES DOMESTICAS,-0.6009791386719472,115,8,46,29,47994.051,1120.0,correlacao_calculada,associacao exploratoria,correlacao observacional; nao estabelece efeito causal,"NÃO VALIDADO: sazonalidade, mix, campanhas, disponibilidade e loja podem variar junto com preco e volume",investigacao_preco_correlacao,Baixa,correlacao_preco_volume < -0.4 e receita acima da mediana dos produtos validos,correlacao=-0.6010; n_obs=115; receita_total=47994.05,"Investigar cadastro, margem, concorrencia e campanhas antes de teste comercial controlado"
427734,PLAFON LED RED. MILAO   BR  18W MBIV,I - ILUMINACAO,-0.6005353279017961,102,8,53,47,220193.3615,3240.0,correlacao_calculada,associacao exploratoria,correlacao observacional; nao estabelece efeito causal,"NÃO VALIDADO: sazonalidade, mix, campanhas, disponibilidade e loja podem variar junto com preco e volume",investigacao_preco_correlacao,Baixa,correlacao_preco_volume < -0.4 e receita acima da mediana dos produtos validos,correlacao=-0.6005; n_obs=102; receita_total=220193.36,"Investigar cadastro, margem, concorrencia e campanhas antes de teste comercial controlado"
469814,"MOTOSERRA GAS.2,0KW MS230 S40CM 5076",M - MAQUINAS E MOTORES,-0.5962370501841908,47,8,17,4,169274.238,71.0,correlacao_calculada,associacao exploratoria,correlacao observacional; nao estabelece efeito causal,"NÃO VALIDADO: sazonalidade, mix, campanhas, disponibilidade e loja podem variar junto com preco e volume",investigacao_preco_correlacao,Baixa,correlacao_preco_volume < -0.4 e receita acima da mediana dos produtos validos,correlacao=-0.5962; n_obs=47; receita_total=169274.24,"Investigar cadastro, margem, concorrencia e campanhas antes de teste comercial controlado"
102242,RESIST.DUCH.GOR.4T  5700W       M220,U - METAIS E ACESSORIOS,-0.5916514107942498,89,8,43,46,77391.82500000001,2264.0,correlacao_calculada,associacao exploratoria,correlacao observacional; nao estabelece efeito causal,"NÃO VALIDADO: sazonalidade, mix, campanhas, disponibilidade e loja podem variar junto com preco e volume",investigacao_preco_correlacao,Baixa,correlacao_preco_volume < -0.4 e receita acima da mediana dos produtos validos,correlacao=-0.5917; n_obs=89; receita_total=77391.83,"Investigar cadastro, margem, concorrencia e campanhas antes de teste comercial controlado"
466584,COLCHA CASAL+P.TRAV 3PC PARIS SORT16,"K - CAMA, MESA E BANHO",-0.5877300713317023,121,8,45,29,94525.95599999999,842.0,correlacao_calculada,associacao exploratoria,correlacao observacional; nao estabelece efeito causal,"NÃO VALIDADO: sazonalidade, mix, campanhas, disponibilidade e loja podem variar junto com preco e volume",investigacao_preco_correlacao,Baixa,correlacao_preco_volume < -0.4 e receita acima da mediana dos produtos validos,correlacao=-0.5877; n_obs=121; receita_total=94525.96,"Investigar cadastro, margem, concorrencia e campanhas antes de teste comercial controlado"
300807,DUCHA OPTIMA          5500W 548 M127,U - METAIS E ACESSORIOS,-0.5827154807391701,49,8,39,44,478103.33435677056,3842.0,correlacao_calculada,associacao exploratoria,correlacao observacional; nao estabelece efeito causal,"NÃO VALIDADO: sazonalidade, mix, campanhas, disponibilidade e loja podem variar junto com preco e volume",investigacao_preco_correlacao,Baixa,correlacao_preco_volume < -0.4 e receita acima da mediana dos produtos validos,correlacao=-0.5827; n_obs=49; receita_total=478103.33,"Investigar cadastro, margem, concorrencia e campanhas antes de teste comercial controlado"
460477,RODAPE CLA.10CM    FRIS/BR 2.40ML/UN,C - PISOS E REVESTIMENTOS,-0.5824943730424592,44,8,22,23,61534.83000000001,624.0,correlacao_calculada,associacao exploratoria,correlacao observacional; nao estabelece efeito causal,"NÃO VALIDADO: sazonalidade, mix, campanhas, disponibilidade e loja podem variar junto com preco e volume",investigacao_preco_correlacao,Baixa,correlacao_preco_volume < -0.4 e receita acima da mediana dos produtos validos,correlacao=-0.5825; n_obs=44; receita_total=61534.83,"Investigar cadastro, margem, concorrencia e campanhas antes de teste comercial controlado"
465695,PAPELEIRA SUSPENSA 2ROLOS CR    0200,U - METAIS E ACESSORIOS,-0.5724591125943924,194,8,141,97,237509.47643939397,9176.0,correlacao_calculada,associacao exploratoria,correlacao observacional; nao estabelece efeito causal,"NÃO VALIDADO: sazonalidade, mix, campanhas, disponibilidade e loja podem variar junto com preco e volume",investigacao_preco_correlacao,Baixa,correlacao_preco_volume < -0.4 e receita acima da mediana dos produtos validos,correlacao=-0.5725; n_obs=194; receita_total=237509.48,"Investigar cadastro, margem, concorrencia e campanhas antes de teste comercial controlado"
487031,COLCHA CASAL+P.TRAV 3PC PARIS SORT22,"K - CAMA, MESA E BANHO",-0.5690122407697935,96,8,43,44,251924.24687500004,2288.0,correlacao_calculada,associacao exploratoria,correlacao observacional; nao estabelece efeito causal,"NÃO VALIDADO: sazonalidade, mix, campanhas, disponibilidade e loja podem variar junto com preco e volume",investigacao_preco_correlacao,Baixa,correlacao_preco_volume < -0.4 e receita acima da mediana dos produtos validos,correlacao=-0.5690; n_obs=96; receita_total=251924.25,"Investigar cadastro, margem, concorrencia e campanhas antes de teste comercial controlado"
470029,GARRAFA TERM.1L ROLHA    MR 25100546,B - UTILIDADES DOMESTICAS,-0.5664082095945795,112,8,72,43,53808.93000000001,2061.0,correlacao_calculada,associacao exploratoria,correlacao observacional; nao estabelece efeito causal,"NÃO VALIDADO: sazonalidade, mix, campanhas, disponibilidade e loja podem variar junto com preco e volume",investigacao_preco_correlacao,Baixa,correlacao_preco_volume < -0.4 e receita acima da mediana dos produtos validos,correlacao=-0.5664; n_obs=112; receita_total=53808.93,"Investigar cadastro, margem, concorrencia e campanhas antes de teste comercial controlado"
463479,CAIXA TERMICA PLS 28.0L VD/MR 072825,"L - INFANTIL, LAZER E PETS",-0.5632502404695774,161,8,75,36,134932.56,1522.0,correlacao_calculada,associacao exploratoria,correlacao observacional; nao estabelece efeito causal,"NÃO VALIDADO: sazonalidade, mix, campanhas, disponibilidade e loja podem variar junto com preco e volume",investigacao_preco_correlacao,Baixa,correlacao_preco_volume < -0.4 e receita acima da mediana dos produtos validos,correlacao=-0.5633; n_obs=161; receita_total=134932.56,"Investigar cadastro, margem, concorrencia e campanhas antes de teste comercial controlado"
399348,ORGANIZADOR 32X20 P/ARMARIO     0075,B - UTILIDADES DOMESTICAS,-0.562859662423732,204,8,135,68,205235.2575,5271.0,correlacao_calculada,associacao exploratoria,correlacao observacional; nao estabelece efeito causal,"NÃO VALIDADO: sazonalidade, mix, campanhas, disponibilidade e loja podem variar junto com preco e volume",investigacao_preco_correlacao,Baixa,correlacao_preco_volume < -0.4 e receita acima da mediana dos produtos validos,correlacao=-0.5629; n_obs=204; receita_total=205235.26,"Investigar cadastro, margem, concorrencia e campanhas antes de teste comercial controlado"
419818,TORNEIRA PIA COZ. HYDRAMOT. 1167  CZ,U - METAIS E ACESSORIOS,-0.5612784145379727,53,8,34,30,157822.94964545453,2754.0,correlacao_calculada,associacao exploratoria,correlacao observacional; nao estabelece efeito causal,"NÃO VALIDADO: sazonalidade, mix, campanhas, disponibilidade e loja podem variar junto com preco e volume",investigacao_preco_correlacao,Baixa,correlacao_preco_volume < -0.4 e receita acima da mediana dos produtos validos,correlacao=-0.5613; n_obs=53; receita_total=157822.95,"Investigar cadastro, margem, concorrencia e campanhas antes de teste comercial controlado"
249011,FECH.IN RM IXE 882/90         VICTO.,"G - PORTAS, JANELAS E FECHADURAS",-0.5593823343745518,81,8,36,21,134345.63100000002,686.0,correlacao_calculada,associacao exploratoria,correlacao observacional; nao estabelece efeito causal,"NÃO VALIDADO: sazonalidade, mix, campanhas, disponibilidade e loja podem variar junto com preco e volume",investigacao_preco_correlacao,Baixa,correlacao_preco_volume < -0.4 e receita acima da mediana dos produtos validos,correlacao=-0.5594; n_obs=81; receita_total=134345.63,"Investigar cadastro, margem, concorrencia e campanhas antes de teste comercial controlado"
399351,ORGANIZADOR 22X20 P/ARMARIO     0076,B - UTILIDADES DOMESTICAS,-0.5584902103014587,199,8,114,44,95449.13,3019.0,correlacao_calculada,associacao exploratoria,correlacao observacional; nao estabelece efeito causal,"NÃO VALIDADO: sazonalidade, mix, campanhas, disponibilidade e loja podem variar junto com preco e volume",investigacao_preco_correlacao,Baixa,correlacao_preco_volume < -0.4 e receita acima da mediana dos produtos validos,correlacao=-0.5585; n_obs=199; receita_total=95449.13,"Investigar cadastro, margem, concorrencia e campanhas antes de teste comercial controlado"
249013,FECH.WC RM IXE 882/90         VICTO.,"G - PORTAS, JANELAS E FECHADURAS",-0.5584604010568023,61,8,26,19,109404.18300000002,585.0,correlacao_calculada,associacao exploratoria,correlacao observacional; nao estabelece efeito causal,"NÃO VALIDADO: sazonalidade, mix, campanhas, disponibilidade e loja podem variar junto com preco e volume",investigacao_preco_correlacao,Baixa,correlacao_preco_volume < -0.4 e receita acima da mediana dos produtos validos,correlacao=-0.5585; n_obs=61; receita_total=109404.18,"Investigar cadastro, margem, concorrencia e campanhas antes de teste comercial controlado"
479999,FRIGIDEIRA ANTIAD.03PC     VM 025337,B - UTILIDADES DOMESTICAS,-0.5582251121565981,85,8,35,31,76950.678,1215.0,correlacao_calculada,associacao exploratoria,correlacao observacional; nao estabelece efeito causal,"NÃO VALIDADO: sazonalidade, mix, campanhas, disponibilidade e loja podem variar junto com preco e volume",investigacao_preco_correlacao,Baixa,correlacao_preco_volume < -0.4 e receita acima da mediana dos produtos validos,correlacao=-0.5582; n_obs=85; receita_total=76950.68,"Investigar cadastro, margem, concorrencia e campanhas antes de teste comercial controlado"
419820,TORNEIRA PIA PARE.PT HYDRAMOTION1168,U - METAIS E ACESSORIOS,-0.5558642181243003,57,8,37,36,464862.81201754394,7678.0,correlacao_calculada,associacao exploratoria,correlacao observacional; nao estabelece efeito causal,"NÃO VALIDADO: sazonalidade, mix, campanhas, disponibilidade e loja podem variar junto com preco e volume",investigacao_preco_correlacao,Baixa,correlacao_preco_volume < -0.4 e receita acima da mediana dos produtos validos,correlacao=-0.5559; n_obs=57; receita_total=464862.81,"Investigar cadastro, margem, concorrencia e campanhas antes de teste comercial controlado"
433919,AP.JANTAR CER.16PC LOUROS     107403,B - UTILIDADES DOMESTICAS,-0.5552316540793542,122,8,93,41,295782.0345,1835.0,correlacao_calculada,associacao exploratoria,correlacao observacional; nao estabelece efeito causal,"NÃO VALIDADO: sazonalidade, mix, campanhas, disponibilidade e loja podem variar junto com preco e volume",investigacao_preco_correlacao,Baixa,correlacao_preco_volume < -0.4 e receita acima da mediana dos produtos validos,correlacao=-0.5552; n_obs=122; receita_total=295782.03,"Investigar cadastro, margem, concorrencia e campanhas antes de teste comercial controlado"
469886,CORTINA 420X250 HAVINI         AR 01,V - DECORACAO,-0.5548627278499457,114,8,36,19,155166.9,558.0,correlacao_calculada,associacao exploratoria,correlacao observacional; nao estabelece efeito causal,"NÃO VALIDADO: sazonalidade, mix, campanhas, disponibilidade e loja podem variar junto com preco e volume",investigacao_preco_correlacao,Baixa,correlacao_preco_volume < -0.4 e receita acima da mediana dos produtos validos,correlacao=-0.5549; n_obs=114; receita_total=155166.90,"Investigar cadastro, margem, concorrencia e campanhas antes de teste comercial controlado"
488929,FERRO PASSAR SEC.  HD1172/80 CZ M220,D - ELETROS,-0.5532617512419225,66,8,42,36,226688.41480105635,3354.0,correlacao_calculada,associacao exploratoria,correlacao observacional; nao estabelece efeito causal,"NÃO VALIDADO: sazonalidade, mix, campanhas, disponibilidade e loja podem variar junto com preco e volume",investigacao_preco_correlacao,Baixa,correlacao_preco_volume < -0.4 e receita acima da mediana dos produtos validos,correlacao=-0.5533; n_obs=66; receita_total=226688.41,"Investigar cadastro, margem, concorrencia e campanhas antes de teste comercial controlado"
403647,PANELA PRESSAO ANTIAD.4.5L   CZ 6776,B - UTILIDADES DOMESTICAS,-0.5531470457535367,117,8,93,50,580358.1005125601,3196.0,correlacao_calculada,associacao exploratoria,correlacao observacional; nao estabelece efeito causal,"NÃO VALIDADO: sazonalidade, mix, campanhas, disponibilidade e loja podem variar junto com preco e volume",investigacao_preco_correlacao,Baixa,correlacao_preco_volume < -0.4 e receita acima da mediana dos produtos validos,correlacao=-0.5531; n_obs=117; receita_total=580358.10,"Investigar cadastro, margem, concorrencia e campanhas antes de teste comercial controlado"
408802,ORGANIZADOR 22X20 P/ARMARIO    0080,B - UTILIDADES DOMESTICAS,-0.5530640156981455,199,8,82,30,52448.44499999999,1661.0,correlacao_calculada,associacao exploratoria,correlacao observacional; nao estabelece efeito causal,"NÃO VALIDADO: sazonalidade, mix, campanhas, disponibilidade e loja podem variar junto com preco e volume",investigacao_preco_correlacao,Baixa,correlacao_preco_volume < -0.4 e receita acima da mediana dos produtos validos,correlacao=-0.5531; n_obs=199; receita_total=52448.44,"Investigar cadastro, margem, concorrencia e campanhas antes de teste comercial controlado"
423167,FRITAD.ELET.3.5L  FAMILY   AF30 M127,D - ELETROS,-0.5494464593258048,32,8,20,15,111575.55675000002,373.0,correlacao_calculada,associacao exploratoria,correlacao observacional; nao estabelece efeito causal,"NÃO VALIDADO: sazonalidade, mix, campanhas, disponibilidade e loja podem variar junto com preco e volume",investigacao_preco_correlacao,Baixa,correlacao_preco_volume < -0.4 e receita acima da mediana dos produtos validos,correlacao=-0.5494; n_obs=32; receita_total=111575.56,"Investigar cadastro, margem, concorrencia e campanhas antes de teste comercial controlado"
417899,PAPELEIRA SUSPENSA 2ROLOS PT    0076,U - METAIS E ACESSORIOS,-0.5486352776172951,199,8,182,127,373685.26238636364,18839.0,correlacao_calculada,associacao exploratoria,correlacao observacional; nao estabelece efeito causal,"NÃO VALIDADO: sazonalidade, mix, campanhas, disponibilidade e loja podem variar junto com preco e volume",investigacao_preco_correlacao,Baixa,correlacao_preco_volume < -0.4 e receita acima da mediana dos produtos validos,correlacao=-0.5486; n_obs=199; receita_total=373685.26,"Investigar cadastro, margem, concorrencia e campanhas antes de teste comercial controlado"
435656,"REVEST.A 32,5X59 ESTRELA BR AC1,53M2",C - PISOS E REVESTIMENTOS,-0.5404244469330924,58,8,25,29,118723.78791,1582.02,correlacao_calculada,associacao exploratoria,correlacao observacional; nao estabelece efeito causal,"NÃO VALIDADO: sazonalidade, mix, campanhas, disponibilidade e loja podem variar junto com preco e volume",investigacao_preco_correlacao,Baixa,correlacao_preco_volume < -0.4 e receita acima da mediana dos produtos validos,correlacao=-0.5404; n_obs=58; receita_total=118723.79,"Investigar cadastro, margem, concorrencia e campanhas antes de teste comercial controlado"
467654,AP.JANTAR CER.12PC GRECIA     137391,B - UTILIDADES DOMESTICAS,-0.5404145962998501,143,8,83,44,299544.6405,2460.0,correlacao_calculada,associacao exploratoria,correlacao observacional; nao estabelece efeito causal,"NÃO VALIDADO: sazonalidade, mix, campanhas, disponibilidade e loja podem variar junto com preco e volume",investigacao_preco_correlacao,Baixa,correlacao_preco_volume < -0.4 e receita acima da mediana dos produtos validos,correlacao=-0.5404; n_obs=143; receita_total=299544.64,"Investigar cadastro, margem, concorrencia e campanhas antes de teste comercial controlado"
249010,FECH.EX RM IXE 882/90         VICTO.,"G - PORTAS, JANELAS E FECHADURAS",-0.540011369942239,96,8,43,25,194329.96800000002,902.0,correlacao_calculada,associacao exploratoria,correlacao observacional; nao estabelece efeito causal,"NÃO VALIDADO: sazonalidade, mix, campanhas, disponibilidade e loja podem variar junto com preco e volume",investigacao_preco_correlacao,Baixa,correlacao_preco_volume < -0.4 e receita acima da mediana dos produtos validos,correlacao=-0.5400; n_obs=96; receita_total=194329.97,"Investigar cadastro, margem, concorrencia e campanhas antes de teste comercial controlado"
445896,TRILHO LED KIT 3 SPOT NE  9W PT MBIV,I - ILUMINACAO,-0.5359037677681686,69,8,29,18,97457.115,397.0,correlacao_calculada,associacao exploratoria,correlacao observacional; nao estabelece efeito causal,"NÃO VALIDADO: sazonalidade, mix, campanhas, disponibilidade e loja podem variar junto com preco e volume",investigacao_preco_correlacao,Baixa,correlacao_preco_volume < -0.4 e receita acima da mediana dos produtos validos,correlacao=-0.5359; n_obs=69; receita_total=97457.12,"Investigar cadastro, margem, concorrencia e campanhas antes de teste comercial controlado"
399326,SUPORTE XICARA CAFE          BR 0077,B - UTILIDADES DOMESTICAS,-0.5346201909485067,210,8,132,61,102728.99,4152.0,correlacao_calculada,associacao exploratoria,correlacao observacional; nao estabelece efeito causal,"NÃO VALIDADO: sazonalidade, mix, campanhas, disponibilidade e loja podem variar junto com preco e volume",investigacao_preco_correlacao,Baixa,correlacao_preco_volume < -0.4 e receita acima da mediana dos produtos validos,correlacao=-0.5346; n_obs=210; receita_total=102728.99,"Investigar cadastro, margem, concorrencia e campanhas antes de teste comercial controlado"
462856,DISPOSIT.PROTECAO DR2P      40A/30MA,E - MATERIAIS ELETRICOS,-0.530323837661748,188,8,96,71,589532.755,5611.0,correlacao_calculada,associacao exploratoria,correlacao observacional; nao estabelece efeito causal,"NÃO VALIDADO: sazonalidade, mix, campanhas, disponibilidade e loja podem variar junto com preco e volume",investigacao_preco_correlacao,Baixa,correlacao_preco_volume < -0.4 e receita acima da mediana dos produtos validos,correlacao=-0.5303; n_obs=188; receita_total=589532.76,"Investigar cadastro, margem, concorrencia e campanhas antes de teste comercial controlado"
479890,FAQUEIRO IX 36PC PACIFIC    66962934,B - UTILIDADES DOMESTICAS,-0.528847122241432,109,8,48,21,221629.87350000005,625.0,correlacao_calculada,associacao exploratoria,correlacao observacional; nao estabelece efeito causal,"NÃO VALIDADO: sazonalidade, mix, campanhas, disponibilidade e loja podem variar junto com preco e volume",investigacao_preco_correlacao,Baixa,correlacao_preco_volume < -0.4 e receita acima da mediana dos produtos validos,correlacao=-0.5288; n_obs=109; receita_total=221629.87,"Investigar cadastro, margem, concorrencia e campanhas antes de teste comercial controlado"
367905,COOKTOP 5B GAS VID.     6985 PT MBIV,D - ELETROS,-0.5288330725281875,186,8,104,22,831813.6015,1193.0,correlacao_calculada,associacao exploratoria,correlacao observacional; nao estabelece efeito causal,"NÃO VALIDADO: sazonalidade, mix, campanhas, disponibilidade e loja podem variar junto com preco e volume",investigacao_preco_correlacao,Baixa,correlacao_preco_volume < -0.4 e receita acima da mediana dos produtos validos,correlacao=-0.5288; n_obs=186; receita_total=831813.60,"Investigar cadastro, margem, concorrencia e campanhas antes de teste comercial controlado"
419816,TORNEIRA PIA COZ. HYDRAMOT. 1167  VM,U - METAIS E ACESSORIOS,-0.5271854968384241,75,8,22,23,80220.0,1535.0,correlacao_calculada,associacao exploratoria,correlacao observacional; nao estabelece efeito causal,"NÃO VALIDADO: sazonalidade, mix, campanhas, disponibilidade e loja podem variar junto com preco e volume",investigacao_preco_correlacao,Baixa,correlacao_preco_volume < -0.4 e receita acima da mediana dos produtos validos,correlacao=-0.5272; n_obs=75; receita_total=80220.00,"Investigar cadastro, margem, concorrencia e campanhas antes de teste comercial controlado"
466583,COLCHA SOLTE+P.TRAV 2PC PARIS SORT16,"K - CAMA, MESA E BANHO",-0.5231141949216392,108,8,31,18,49637.07000000001,554.0,correlacao_calculada,associacao exploratoria,correlacao observacional; nao estabelece efeito causal,"NÃO VALIDADO: sazonalidade, mix, campanhas, disponibilidade e loja podem variar junto com preco e volume",investigacao_preco_correlacao,Baixa,correlacao_preco_volume < -0.4 e receita acima da mediana dos produtos validos,correlacao=-0.5231; n_obs=108; receita_total=49637.07,"Investigar cadastro, margem, concorrencia e campanhas antes de teste comercial controlado"
461592,BISTEQUEIRA AL/CER.28CM  PT 4813/353,B - UTILIDADES DOMESTICAS,-0.5210342907059378,107,8,36,19,75328.89000000001,489.0,correlacao_calculada,associacao exploratoria,correlacao observacional; nao estabelece efeito causal,"NÃO VALIDADO: sazonalidade, mix, campanhas, disponibilidade e loja podem variar junto com preco e volume",investigacao_preco_correlacao,Baixa,correlacao_preco_volume < -0.4 e receita acima da mediana dos produtos validos,correlacao=-0.5210; n_obs=107; receita_total=75328.89,"Investigar cadastro, margem, concorrencia e campanhas antes de teste comercial controlado"
464322,PANELA JG ANTIAD.07PC    TC 7135/400,B - UTILIDADES DOMESTICAS,-0.519151932567108,109,8,47,18,185957.46750000003,621.0,correlacao_calculada,associacao exploratoria,correlacao observacional; nao estabelece efeito causal,"NÃO VALIDADO: sazonalidade, mix, campanhas, disponibilidade e loja podem variar junto com preco e volume",investigacao_preco_correlacao,Baixa,correlacao_preco_volume < -0.4 e receita acima da mediana dos produtos validos,correlacao=-0.5192; n_obs=109; receita_total=185957.47,"Investigar cadastro, margem, concorrencia e campanhas antes de teste comercial controlado"
474293,TRILHO LED KIT 3 SPOT NE  5W BR MBIV,I - ILUMINACAO,-0.5165020296117009,128,8,71,39,194118.036,1637.0,correlacao_calculada,associacao exploratoria,correlacao observacional; nao estabelece efeito causal,"NÃO VALIDADO: sazonalidade, mix, campanhas, disponibilidade e loja podem variar junto com preco e volume",investigacao_preco_correlacao,Baixa,correlacao_preco_volume < -0.4 e receita acima da mediana dos produtos validos,correlacao=-0.5165; n_obs=128; receita_total=194118.04,"Investigar cadastro, margem, concorrencia e campanhas antes de teste comercial controlado"
431542,BANCO MDF 1.30 AURORA          NT/PT,O - MOVEIS,-0.5128643714457208,102,8,49,15,97409.41875,349.0,correlacao_calculada,associacao exploratoria,correlacao observacional; nao estabelece efeito causal,"NÃO VALIDADO: sazonalidade, mix, campanhas, disponibilidade e loja podem variar junto com preco e volume",investigacao_preco_correlacao,Baixa,correlacao_preco_volume < -0.4 e receita acima da mediana dos produtos validos,correlacao=-0.5129; n_obs=102; receita_total=97409.42,"Investigar cadastro, margem, concorrencia e campanhas antes de teste comercial controlado"
468900,TOALHA BNH LUMINA    EUCALIPTO 40239,"K - CAMA, MESA E BANHO",-0.5126193567062673,114,8,44,34,101250.88000000002,1356.0,correlacao_calculada,associacao exploratoria,correlacao observacional; nao estabelece efeito causal,"NÃO VALIDADO: sazonalidade, mix, campanhas, disponibilidade e loja podem variar junto com preco e volume",investigacao_preco_correlacao,Baixa,correlacao_preco_volume < -0.4 e receita acima da mediana dos produtos validos,correlacao=-0.5126; n_obs=114; receita_total=101250.88,"Investigar cadastro, margem, concorrencia e campanhas antes de teste comercial controlado"
429647,PASSAD.VERT.VAPOR  GCSTES100 PT M127,D - ELETROS,-0.511700791446005,39,8,23,12,52705.705500000004,202.0,correlacao_calculada,associacao exploratoria,correlacao observacional; nao estabelece efeito causal,"NÃO VALIDADO: sazonalidade, mix, campanhas, disponibilidade e loja podem variar junto com preco e volume",investigacao_preco_correlacao,Baixa,correlacao_preco_volume < -0.4 e receita acima da mediana dos produtos validos,correlacao=-0.5117; n_obs=39; receita_total=52705.71,"Investigar cadastro, margem, concorrencia e campanhas antes de teste comercial controlado"
467615,AP.JANTAR PORC.20PC NATUR     990100,B - UTILIDADES DOMESTICAS,-0.5078423117070333,76,8,25,17,129854.928,389.0,correlacao_calculada,associacao exploratoria,correlacao observacional; nao estabelece efeito causal,"NÃO VALIDADO: sazonalidade, mix, campanhas, disponibilidade e loja podem variar junto com preco e volume",investigacao_preco_correlacao,Baixa,correlacao_preco_volume < -0.4 e receita acima da mediana dos produtos validos,correlacao=-0.5078; n_obs=76; receita_total=129854.93,"Investigar cadastro, margem, concorrencia e campanhas antes de teste comercial controlado"
483560,CORTINA 420X250 RUSTICA FEN   LNH/TT,V - DECORACAO,-0.5070371184647259,53,8,15,16,71602.965,288.0,correlacao_calculada,associacao exploratoria,correlacao observacional; nao estabelece efeito causal,"NÃO VALIDADO: sazonalidade, mix, campanhas, disponibilidade e loja podem variar junto com preco e volume",investigacao_preco_correlacao,Baixa,correlacao_preco_volume < -0.4 e receita acima da mediana dos produtos validos,correlacao=-0.5070; n_obs=53; receita_total=71602.96,"Investigar cadastro, margem, concorrencia e campanhas antes de teste comercial controlado"
419817,TORNEIRA PIA COZ. HYDRAMOTION1167 PT,U - METAIS E ACESSORIOS,-0.5070193198983918,53,8,30,31,179905.75735576928,3044.0,correlacao_calculada,associacao exploratoria,correlacao observacional; nao estabelece efeito causal,"NÃO VALIDADO: sazonalidade, mix, campanhas, disponibilidade e loja podem variar junto com preco e volume",investigacao_preco_correlacao,Baixa,correlacao_preco_volume < -0.4 e receita acima da mediana dos produtos validos,correlacao=-0.5070; n_obs=53; receita_total=179905.76,"Investigar cadastro, margem, concorrencia e campanhas antes de teste comercial controlado"
439683,ASSENTO SNT PLS OVAL UNIVERSAL    BR,U - METAIS E ACESSORIOS,-0.5069893984416225,153,8,110,112,628538.3457198434,31234.0,correlacao_calculada,associacao exploratoria,correlacao observacional; nao estabelece efeito causal,"NÃO VALIDADO: sazonalidade, mix, campanhas, disponibilidade e loja podem variar junto com preco e volume",investigacao_preco_correlacao,Baixa,correlacao_preco_volume < -0.4 e receita acima da mediana dos produtos validos,correlacao=-0.5070; n_obs=153; receita_total=628538.35,"Investigar cadastro, margem, concorrencia e campanhas antes de teste comercial controlado"
410914,ORGANIZADOR 32X20 P/ARMARIO     0022,B - UTILIDADES DOMESTICAS,-0.5064776556123686,197,8,93,37,100621.91999999998,2566.0,correlacao_calculada,associacao exploratoria,correlacao observacional; nao estabelece efeito causal,"NÃO VALIDADO: sazonalidade, mix, campanhas, disponibilidade e loja podem variar junto com preco e volume",investigacao_preco_correlacao,Baixa,correlacao_preco_volume < -0.4 e receita acima da mediana dos produtos validos,correlacao=-0.5065; n_obs=197; receita_total=100621.92,"Investigar cadastro, margem, concorrencia e campanhas antes de teste comercial controlado"
453196,ADEGA 0.90X0.80 6 GARRAFAS       OFF,O - MOVEIS,-0.5056861536482178,52,8,21,9,61930.78499999999,132.0,correlacao_calculada,associacao exploratoria,correlacao observacional; nao estabelece efeito causal,"NÃO VALIDADO: sazonalidade, mix, campanhas, disponibilidade e loja podem variar junto com preco e volume",investigacao_preco_correlacao,Baixa,correlacao_preco_volume < -0.4 e receita acima da mediana dos produtos validos,correlacao=-0.5057; n_obs=52; receita_total=61930.78,"Investigar cadastro, margem, concorrencia e campanhas antes de teste comercial controlado"
399366,PAPELEIRA SUSPENSA 2ROLOS BR    0077,U - METAIS E ACESSORIOS,-0.5017778675827315,202,8,175,130,419116.1937542122,21422.0,correlacao_calculada,associacao exploratoria,correlacao observacional; nao estabelece efeito causal,"NÃO VALIDADO: sazonalidade, mix, campanhas, disponibilidade e loja podem variar junto com preco e volume",investigacao_preco_correlacao,Baixa,correlacao_preco_volume < -0.4 e receita acima da mediana dos produtos validos,correlacao=-0.5018; n_obs=202; receita_total=419116.19,"Investigar cadastro, margem, concorrencia e campanhas antes de teste comercial controlado"
429408,FRIGIDEIRA ANTIAD.22CM FRANCESA 5180,B - UTILIDADES DOMESTICAS,-0.4968844952716905,104,8,44,20,50658.5415,607.0,correlacao_calculada,associacao exploratoria,correlacao observacional; nao estabelece efeito causal,"NÃO VALIDADO: sazonalidade, mix, campanhas, disponibilidade e loja podem variar junto com preco e volume",investigacao_preco_correlacao,Baixa,correlacao_preco_volume < -0.4 e receita acima da mediana dos produtos validos,correlacao=-0.4969; n_obs=104; receita_total=50658.54,"Investigar cadastro, margem, concorrencia e campanhas antes de teste comercial controlado"
457699,TOALHA BNH LUMINA IVORY/MR   3674976,"K - CAMA, MESA E BANHO",-0.4962819686288171,90,8,29,21,52851.12000000001,697.0,correlacao_calculada,associacao exploratoria,correlacao observacional; nao estabelece efeito causal,"NÃO VALIDADO: sazonalidade, mix, campanhas, disponibilidade e loja podem variar junto com preco e volume",investigacao_preco_correlacao,Baixa,correlacao_preco_volume < -0.4 e receita acima da mediana dos produtos validos,correlacao=-0.4963; n_obs=90; receita_total=52851.12,"Investigar cadastro, margem, concorrencia e campanhas antes de teste comercial controlado"
419718,FORNO MICR.34L 1500W MEO44   BR M220,D - ELETROS,-0.49610999923073473,55,8,27,15,304538.24100000004,365.0,correlacao_calculada,associacao exploratoria,correlacao observacional; nao estabelece efeito causal,"NÃO VALIDADO: sazonalidade, mix, campanhas, disponibilidade e loja podem variar junto com preco e volume",investigacao_preco_correlacao,Baixa,correlacao_preco_volume < -0.4 e receita acima da mediana dos produtos validos,correlacao=-0.4961; n_obs=55; receita_total=304538.24,"Investigar cadastro, margem, concorrencia e campanhas antes de teste comercial controlado"
429459,INT.SPL CJ.1S 10A         LGZ010 POP,E - MATERIAIS ELETRICOS,-0.49458889145562573,207,8,171,186,502701.8486448341,109759.0,correlacao_calculada,associacao exploratoria,correlacao observacional; nao estabelece efeito causal,"NÃO VALIDADO: sazonalidade, mix, campanhas, disponibilidade e loja podem variar junto com preco e volume",investigacao_preco_correlacao,Baixa,correlacao_preco_volume < -0.4 e receita acima da mediana dos produtos validos,correlacao=-0.4946; n_obs=207; receita_total=502701.85,"Investigar cadastro, margem, concorrencia e campanhas antes de teste comercial controlado"
463432,CUSCUZEIRA ANTIAD.16CM      VM 13185,B - UTILIDADES DOMESTICAS,-0.4901972016741263,153,8,111,45,300813.807,2808.0,correlacao_calculada,associacao exploratoria,correlacao observacional; nao estabelece efeito causal,"NÃO VALIDADO: sazonalidade, mix, campanhas, disponibilidade e loja podem variar junto com preco e volume",investigacao_preco_correlacao,Baixa,correlacao_preco_volume < -0.4 e receita acima da mediana dos produtos validos,correlacao=-0.4902; n_obs=153; receita_total=300813.81,"Investigar cadastro, margem, concorrencia e campanhas antes de teste comercial controlado"
460475,RODAPE CLA.10CM    LISO/BR 2.40ML/UN,C - PISOS E REVESTIMENTOS,-0.4893654382818137,72,8,24,31,120319.92000000001,1212.0,correlacao_calculada,associacao exploratoria,correlacao observacional; nao estabelece efeito causal,"NÃO VALIDADO: sazonalidade, mix, campanhas, disponibilidade e loja podem variar junto com preco e volume",investigacao_preco_correlacao,Baixa,correlacao_preco_volume < -0.4 e receita acima da mediana dos produtos validos,correlacao=-0.4894; n_obs=72; receita_total=120319.92,"Investigar cadastro, margem, concorrencia e campanhas antes de teste comercial controlado"
410926,SUPORTE XICARA CAFE          PT 0088,B - UTILIDADES DOMESTICAS,-0.48922006059602724,203,8,115,43,65375.31,2673.0,correlacao_calculada,associacao exploratoria,correlacao observacional; nao estabelece efeito causal,"NÃO VALIDADO: sazonalidade, mix, campanhas, disponibilidade e loja podem variar junto com preco e volume",investigacao_preco_correlacao,Baixa,correlacao_preco_volume < -0.4 e receita acima da mediana dos produtos validos,correlacao=-0.4892; n_obs=203; receita_total=65375.31,"Investigar cadastro, margem, concorrencia e campanhas antes de teste comercial controlado"
304374,CABIDE CR C33             POLO  2060,U - METAIS E ACESSORIOS,-0.4876433107010495,57,8,26,10,45078.915,154.0,correlacao_calculada,associacao exploratoria,correlacao observacional; nao estabelece efeito causal,"NÃO VALIDADO: sazonalidade, mix, campanhas, disponibilidade e loja podem variar junto com preco e volume",investigacao_preco_correlacao,Baixa,correlacao_preco_volume < -0.4 e receita acima da mediana dos produtos validos,correlacao=-0.4876; n_obs=57; receita_total=45078.92,"Investigar cadastro, margem, concorrencia e campanhas antes de teste comercial controlado"
480278,COND.SPLIT 12000 COND.GWC12  INV.182,D - ELETROS,-0.4876035066747861,49,8,20,14,2556840.946785911,1405.0,correlacao_calculada,associacao exploratoria,correlacao observacional; nao estabelece efeito causal,"NÃO VALIDADO: sazonalidade, mix, campanhas, disponibilidade e loja podem variar junto com preco e volume",investigacao_preco_correlacao,Baixa,correlacao_preco_volume < -0.4 e receita acima da mediana dos produtos validos,correlacao=-0.4876; n_obs=49; receita_total=2556840.95,"Investigar cadastro, margem, concorrencia e campanhas antes de teste comercial controlado"
444979,TOALHA PRAIA 80X160 IBIZA BR/AZ 1450,"K - CAMA, MESA E BANHO",-0.48688132225259734,130,8,53,25,112657.14600000001,954.0,correlacao_calculada,associacao exploratoria,correlacao observacional; nao estabelece efeito causal,"NÃO VALIDADO: sazonalidade, mix, campanhas, disponibilidade e loja podem variar junto com preco e volume",investigacao_preco_correlacao,Baixa,correlacao_preco_volume < -0.4 e receita acima da mediana dos produtos validos,correlacao=-0.4869; n_obs=130; receita_total=112657.15,"Investigar cadastro, margem, concorrencia e campanhas antes de teste comercial controlado"
481381,ARAND.LED SOB. SIERRA  4W BR AM MBIV,I - ILUMINACAO,-0.48561290195209195,126,8,65,46,115653.71999999997,2466.0,correlacao_calculada,associacao exploratoria,correlacao observacional; nao estabelece efeito causal,"NÃO VALIDADO: sazonalidade, mix, campanhas, disponibilidade e loja podem variar junto com preco e volume",investigacao_preco_correlacao,Baixa,correlacao_preco_volume < -0.4 e receita acima da mediana dos produtos validos,correlacao=-0.4856; n_obs=126; receita_total=115653.72,"Investigar cadastro, margem, concorrencia e campanhas antes de teste comercial controlado"
429455,TOM.CJ.1T 2P+T 10A        LGX030 POP,E - MATERIAIS ELETRICOS,-0.4831151009650738,202,8,165,186,1299370.4938654923,281011.0,correlacao_calculada,associacao exploratoria,correlacao observacional; nao estabelece efeito causal,"NÃO VALIDADO: sazonalidade, mix, campanhas, disponibilidade e loja podem variar junto com preco e volume",investigacao_preco_correlacao,Baixa,correlacao_preco_volume < -0.4 e receita acima da mediana dos produtos validos,correlacao=-0.4831; n_obs=202; receita_total=1299370.49,"Investigar cadastro, margem, concorrencia e campanhas antes de teste comercial controlado"
346310,ASPIRADOR PO/LIQ.PROF.GTW IX 20L 220,M - MAQUINAS E MOTORES,-0.4830541399588358,53,8,24,11,129112.62,196.0,correlacao_calculada,associacao exploratoria,correlacao observacional; nao estabelece efeito causal,"NÃO VALIDADO: sazonalidade, mix, campanhas, disponibilidade e loja podem variar junto com preco e volume",investigacao_preco_correlacao,Baixa,correlacao_preco_volume < -0.4 e receita acima da mediana dos produtos validos,correlacao=-0.4831; n_obs=53; receita_total=129112.62,"Investigar cadastro, margem, concorrencia e campanhas antes de teste comercial controlado"
467657,AP.JANTAR CER.12PC COLB    PT 137404,B - UTILIDADES DOMESTICAS,-0.48293433917033696,120,8,87,47,287221.48437500006,2318.0,correlacao_calculada,associacao exploratoria,correlacao observacional; nao estabelece efeito causal,"NÃO VALIDADO: sazonalidade, mix, campanhas, disponibilidade e loja podem variar junto com preco e volume",investigacao_preco_correlacao,Baixa,correlacao_preco_volume < -0.4 e receita acima da mediana dos produtos validos,correlacao=-0.4829; n_obs=120; receita_total=287221.48,"Investigar cadastro, margem, concorrencia e campanhas antes de teste comercial controlado"
480557,COND.SPLIT 18000 COND.GWC18  INV.185,D - ELETROS,-0.4816572477930387,42,8,22,16,979561.3005863638,377.0,correlacao_calculada,associacao exploratoria,correlacao observacional; nao estabelece efeito causal,"NÃO VALIDADO: sazonalidade, mix, campanhas, disponibilidade e loja podem variar junto com preco e volume",investigacao_preco_correlacao,Baixa,correlacao_preco_volume < -0.4 e receita acima da mediana dos produtos validos,correlacao=-0.4817; n_obs=42; receita_total=979561.30,"Investigar cadastro, margem, concorrencia e campanhas antes de teste comercial controlado"
263337,"LIQUID.INDL 4,0L 1/2HP  LS04MBN M220",N - INDUSTRIAL E NEGOCIOS,-0.4814740079252144,35,8,13,4,69778.8,53.0,correlacao_calculada,associacao exploratoria,correlacao observacional; nao estabelece efeito causal,"NÃO VALIDADO: sazonalidade, mix, campanhas, disponibilidade e loja podem variar junto com preco e volume",investigacao_preco_correlacao,Baixa,correlacao_preco_volume < -0.4 e receita acima da mediana dos produtos validos,correlacao=-0.4815; n_obs=35; receita_total=69778.80,"Investigar cadastro, margem, concorrencia e campanhas antes de teste comercial controlado"
480556,COND.SPLIT 18000 EVAP.GWC18  INV.185,D - ELETROS,-0.4787679272528979,42,8,21,16,527417.6073318182,377.0,correlacao_calculada,associacao exploratoria,correlacao observacional; nao estabelece efeito causal,"NÃO VALIDADO: sazonalidade, mix, campanhas, disponibilidade e loja podem variar junto com preco e volume",investigacao_preco_correlacao,Baixa,correlacao_preco_volume < -0.4 e receita acima da mediana dos produtos validos,correlacao=-0.4788; n_obs=42; receita_total=527417.61,"Investigar cadastro, margem, concorrencia e campanhas antes de teste comercial controlado"
392069,ESCORREDOR PRATO PLS        CZ 10848,B - UTILIDADES DOMESTICAS,-0.4775313843193769,138,8,93,42,120762.24300000002,2383.0,correlacao_calculada,associacao exploratoria,correlacao observacional; nao estabelece efeito causal,"NÃO VALIDADO: sazonalidade, mix, campanhas, disponibilidade e loja podem variar junto com preco e volume",investigacao_preco_correlacao,Baixa,correlacao_preco_volume < -0.4 e receita acima da mediana dos produtos validos,correlacao=-0.4775; n_obs=138; receita_total=120762.24,"Investigar cadastro, margem, concorrencia e campanhas antes de teste comercial controlado"
457489,LAMP.LED  BULBO  T60 20W BR E27 MBIV,I - ILUMINACAO,-0.4761988159438438,214,8,176,161,503423.8394810212,36771.0,correlacao_calculada,associacao exploratoria,correlacao observacional; nao estabelece efeito causal,"NÃO VALIDADO: sazonalidade, mix, campanhas, disponibilidade e loja podem variar junto com preco e volume",investigacao_preco_correlacao,Baixa,correlacao_preco_volume < -0.4 e receita acima da mediana dos produtos validos,correlacao=-0.4762; n_obs=214; receita_total=503423.84,"Investigar cadastro, margem, concorrencia e campanhas antes de teste comercial controlado"
471467,PANELA JG ANTIAD.5PC   CZ 9295306577,B - UTILIDADES DOMESTICAS,-0.47609926223988996,120,8,50,36,783009.9515000001,1572.0,correlacao_calculada,associacao exploratoria,correlacao observacional; nao estabelece efeito causal,"NÃO VALIDADO: sazonalidade, mix, campanhas, disponibilidade e loja podem variar junto com preco e volume",investigacao_preco_correlacao,Baixa,correlacao_preco_volume < -0.4 e receita acima da mediana dos produtos validos,correlacao=-0.4761; n_obs=120; receita_total=783009.95,"Investigar cadastro, margem, concorrencia e campanhas antes de teste comercial controlado"
434954,TOALHA BNH LUMINA AR/MR      3675000,"K - CAMA, MESA E BANHO",-0.4759480194511347,116,8,37,32,91736.37333333337,1242.0,correlacao_calculada,associacao exploratoria,correlacao observacional; nao estabelece efeito causal,"NÃO VALIDADO: sazonalidade, mix, campanhas, disponibilidade e loja podem variar junto com preco e volume",investigacao_preco_correlacao,Baixa,correlacao_preco_volume < -0.4 e receita acima da mediana dos produtos validos,correlacao=-0.4759; n_obs=116; receita_total=91736.37,"Investigar cadastro, margem, concorrencia e campanhas antes de teste comercial controlado"
458945,LENCOL JG SOLTE ESTAMPADOS     SORT.,"K - CAMA, MESA E BANHO",-0.475879093847666,189,8,83,56,201396.89150000003,3439.0,correlacao_calculada,associacao exploratoria,correlacao observacional; nao estabelece efeito causal,"NÃO VALIDADO: sazonalidade, mix, campanhas, disponibilidade e loja podem variar junto com preco e volume",investigacao_preco_correlacao,Baixa,correlacao_preco_volume < -0.4 e receita acima da mediana dos produtos validos,correlacao=-0.4759; n_obs=189; receita_total=201396.89,"Investigar cadastro, margem, concorrencia e campanhas antes de teste comercial controlado"
419435,ARAND.LED PLS.   BR 3W QD   AM 18547,I - ILUMINACAO,-0.47577675686063636,188,8,90,59,218175.12500000003,3857.0,correlacao_calculada,associacao exploratoria,correlacao observacional; nao estabelece efeito causal,"NÃO VALIDADO: sazonalidade, mix, campanhas, disponibilidade e loja podem variar junto com preco e volume",investigacao_preco_correlacao,Baixa,correlacao_preco_volume < -0.4 e receita acima da mediana dos produtos validos,correlacao=-0.4758; n_obs=188; receita_total=218175.13,"Investigar cadastro, margem, concorrencia e campanhas antes de teste comercial controlado"
432048,MASSA CORRIDA PVA CORAL PLS     25KG,S - TINTAS E QUIMICOS,-0.4755169690161013,213,8,212,201,9903877.893793337,145797.0,correlacao_calculada,associacao exploratoria,correlacao observacional; nao estabelece efeito causal,"NÃO VALIDADO: sazonalidade, mix, campanhas, disponibilidade e loja podem variar junto com preco e volume",investigacao_preco_correlacao,Baixa,correlacao_preco_volume < -0.4 e receita acima da mediana dos produtos validos,correlacao=-0.4755; n_obs=213; receita_total=9903877.89,"Investigar cadastro, margem, concorrencia e campanhas antes de teste comercial controlado"
149992,MARTELETE ROT/ROMP. 800W  HR2470 220,F - FERRAMENTAS,-0.4747313845600027,207,8,134,44,2440676.0560000003,2819.0,correlacao_calculada,associacao exploratoria,correlacao observacional; nao estabelece efeito causal,"NÃO VALIDADO: sazonalidade, mix, campanhas, disponibilidade e loja podem variar junto com preco e volume",investigacao_preco_correlacao,Baixa,correlacao_preco_volume < -0.4 e receita acima da mediana dos produtos validos,correlacao=-0.4747; n_obs=207; receita_total=2440676.06,"Investigar cadastro, margem, concorrencia e campanhas antes de teste comercial controlado"
423168,FRITAD.ELET.3.5L  FAMILY   AF30 M220,D - ELETROS,-0.47386362975743584,80,8,44,27,380828.049,1179.0,correlacao_calculada,associacao exploratoria,correlacao observacional; nao estabelece efeito causal,"NÃO VALIDADO: sazonalidade, mix, campanhas, disponibilidade e loja podem variar junto com preco e volume",investigacao_preco_correlacao,Baixa,correlacao_preco_volume < -0.4 e receita acima da mediana dos produtos validos,correlacao=-0.4739; n_obs=80; receita_total=380828.05,"Investigar cadastro, margem, concorrencia e campanhas antes de teste comercial controlado"
451504,MESA SALA 1.30X0.78 AURORA    NT/OFF,O - MOVEIS,-0.47329190865223164,136,8,60,22,356474.181,703.0,correlacao_calculada,associacao exploratoria,correlacao observacional; nao estabelece efeito causal,"NÃO VALIDADO: sazonalidade, mix, campanhas, disponibilidade e loja podem variar junto com preco e volume",investigacao_preco_correlacao,Baixa,correlacao_preco_volume < -0.4 e receita acima da mediana dos produtos validos,correlacao=-0.4733; n_obs=136; receita_total=356474.18,"Investigar cadastro, margem, concorrencia e campanhas antes de teste comercial controlado"
448186,TV LED 32 HD SMT      UN32T4300AGXZD,R - ELETRONICOS,-0.473193498550046,184,8,161,56,4135259.9122258816,3261.0,correlacao_calculada,associacao exploratoria,correlacao observacional; nao estabelece efeito causal,"NÃO VALIDADO: sazonalidade, mix, campanhas, disponibilidade e loja podem variar junto com preco e volume",investigacao_preco_correlacao,Baixa,correlacao_preco_volume < -0.4 e receita acima da mediana dos produtos validos,correlacao=-0.4732; n_obs=184; receita_total=4135259.91,"Investigar cadastro, margem, concorrencia e campanhas antes de teste comercial controlado"
447868,PRATO RASO PORC.28CM    PEIXES 80000,B - UTILIDADES DOMESTICAS,-0.47286156752054476,100,8,61,64,162292.33165128206,9450.0,correlacao_calculada,associacao exploratoria,correlacao observacional; nao estabelece efeito causal,"NÃO VALIDADO: sazonalidade, mix, campanhas, disponibilidade e loja podem variar junto com preco e volume",investigacao_preco_correlacao,Baixa,correlacao_preco_volume < -0.4 e receita acima da mediana dos produtos validos,correlacao=-0.4729; n_obs=100; receita_total=162292.33,"Investigar cadastro, margem, concorrencia e campanhas antes de teste comercial controlado"
486785,LENCOL JG QUEEN MICROTEC      SORT 6,"K - CAMA, MESA E BANHO",-0.47124034203820797,110,8,51,26,124553.4885,974.0,correlacao_calculada,associacao exploratoria,correlacao observacional; nao estabelece efeito causal,"NÃO VALIDADO: sazonalidade, mix, campanhas, disponibilidade e loja podem variar junto com preco e volume",investigacao_preco_correlacao,Baixa,correlacao_preco_volume < -0.4 e receita acima da mediana dos produtos validos,correlacao=-0.4712; n_obs=110; receita_total=124553.49,"Investigar cadastro, margem, concorrencia e campanhas antes de teste comercial controlado"
127312,PANELA PRESSAO POL.4.5L  9295304948,B - UTILIDADES DOMESTICAS,-0.4708207094835845,196,8,108,27,255622.89200000002,1446.0,correlacao_calculada,associacao exploratoria,correlacao observacional; nao estabelece efeito causal,"NÃO VALIDADO: sazonalidade, mix, campanhas, disponibilidade e loja podem variar junto com preco e volume",investigacao_preco_correlacao,Baixa,correlacao_preco_volume < -0.4 e receita acima da mediana dos produtos validos,correlacao=-0.4708; n_obs=196; receita_total=255622.89,"Investigar cadastro, margem, concorrencia e campanhas antes de teste comercial controlado"
444980,TOALHA PRAIA 80X160 IBIZA BR/AZ 1460,"K - CAMA, MESA E BANHO",-0.4703916893938619,135,8,63,41,199330.005,1735.0,correlacao_calculada,associacao exploratoria,correlacao observacional; nao estabelece efeito causal,"NÃO VALIDADO: sazonalidade, mix, campanhas, disponibilidade e loja podem variar junto com preco e volume",investigacao_preco_correlacao,Baixa,correlacao_preco_volume < -0.4 e receita acima da mediana dos produtos validos,correlacao=-0.4704; n_obs=135; receita_total=199330.01,"Investigar cadastro, margem, concorrencia e campanhas antes de teste comercial controlado"
451698,"TINT.EMBORRACHADA PLS   3,6L BR.NEVE",S - TINTAS E QUIMICOS,-0.46974289827134624,203,8,138,37,260102.9865,2308.0,correlacao_calculada,associacao exploratoria,correlacao observacional; nao estabelece efeito causal,"NÃO VALIDADO: sazonalidade, mix, campanhas, disponibilidade e loja podem variar junto com preco e volume",investigacao_preco_correlacao,Baixa,correlacao_preco_volume < -0.4 e receita acima da mediana dos produtos validos,correlacao=-0.4697; n_obs=203; receita_total=260102.99,"Investigar cadastro, margem, concorrencia e campanhas antes de teste comercial controlado"
382849,DUCHA HIGI.C/DERIV.LIKE           CR,U - METAIS E ACESSORIOS,-0.4693411228530579,189,8,123,73,1558613.9814,5335.0,correlacao_calculada,associacao exploratoria,correlacao observacional; nao estabelece efeito causal,"NÃO VALIDADO: sazonalidade, mix, campanhas, disponibilidade e loja podem variar junto com preco e volume",investigacao_preco_correlacao,Baixa,correlacao_preco_volume < -0.4 e receita acima da mediana dos produtos validos,correlacao=-0.4693; n_obs=189; receita_total=1558613.98,"Investigar cadastro, margem, concorrencia e campanhas antes de teste comercial controlado"
457700,TOALHA BNH LUMINA PT/CZ      3675132,"K - CAMA, MESA E BANHO",-0.4680308035835496,127,8,46,27,80473.71500000003,1065.0,correlacao_calculada,associacao exploratoria,correlacao observacional; nao estabelece efeito causal,"NÃO VALIDADO: sazonalidade, mix, campanhas, disponibilidade e loja podem variar junto com preco e volume",investigacao_preco_correlacao,Baixa,correlacao_preco_volume < -0.4 e receita acima da mediana dos produtos validos,correlacao=-0.4680; n_obs=127; receita_total=80473.72,"Investigar cadastro, margem, concorrencia e campanhas antes de teste comercial controlado"
446296,"PORCEL.A 90X90 ESM.ARGOS AN.AC1,60M2",C - PISOS E REVESTIMENTOS,-0.46506137540022713,33,8,18,19,57190.74480000001,492.8,correlacao_calculada,associacao exploratoria,correlacao observacional; nao estabelece efeito causal,"NÃO VALIDADO: sazonalidade, mix, campanhas, disponibilidade e loja podem variar junto com preco e volume",investigacao_preco_correlacao,Baixa,correlacao_preco_volume < -0.4 e receita acima da mediana dos produtos validos,correlacao=-0.4651; n_obs=33; receita_total=57190.74,"Investigar cadastro, margem, concorrencia e campanhas antes de teste comercial controlado"
441981,LUSTRE LED 3EM1 45W   RS LP-02R 5183,I - ILUMINACAO,-0.462649072537996,178,8,108,37,884293.7565,1939.0,correlacao_calculada,associacao exploratoria,correlacao observacional; nao estabelece efeito causal,"NÃO VALIDADO: sazonalidade, mix, campanhas, disponibilidade e loja podem variar junto com preco e volume",investigacao_preco_correlacao,Baixa,correlacao_preco_volume < -0.4 e receita acima da mediana dos produtos validos,correlacao=-0.4626; n_obs=178; receita_total=884293.76,"Investigar cadastro, margem, concorrencia e campanhas antes de teste comercial controlado"
481418,PANELA JG ANTIAD.5PC   VM 9195306763,B - UTILIDADES DOMESTICAS,-0.46251836898263265,71,8,31,15,78228.29699999999,303.0,correlacao_calculada,associacao exploratoria,correlacao observacional; nao estabelece efeito causal,"NÃO VALIDADO: sazonalidade, mix, campanhas, disponibilidade e loja podem variar junto com preco e volume",investigacao_preco_correlacao,Baixa,correlacao_preco_volume < -0.4 e receita acima da mediana dos produtos validos,correlacao=-0.4625; n_obs=71; receita_total=78228.30,"Investigar cadastro, margem, concorrencia e campanhas antes de teste comercial controlado"
478104,TAPETE JG BANH. 2PC VIP CLASS   SORT,U - METAIS E ACESSORIOS,-0.4624662341459633,157,8,63,35,86218.986,1771.0,correlacao_calculada,associacao exploratoria,correlacao observacional; nao estabelece efeito causal,"NÃO VALIDADO: sazonalidade, mix, campanhas, disponibilidade e loja podem variar junto com preco e volume",investigacao_preco_correlacao,Baixa,correlacao_preco_volume < -0.4 e receita acima da mediana dos produtos validos,correlacao=-0.4625; n_obs=157; receita_total=86218.99,"Investigar cadastro, margem, concorrencia e campanhas antes de teste comercial controlado"
462857,DISPOSIT.PROTECAO DR4P      40A/30MA,E - MATERIAIS ELETRICOS,-0.4614085113302517,192,8,67,22,173544.105,1214.0,correlacao_calculada,associacao exploratoria,correlacao observacional; nao estabelece efeito causal,"NÃO VALIDADO: sazonalidade, mix, campanhas, disponibilidade e loja podem variar junto com preco e volume",investigacao_preco_correlacao,Baixa,correlacao_preco_volume < -0.4 e receita acima da mediana dos produtos validos,correlacao=-0.4614; n_obs=192; receita_total=173544.11,"Investigar cadastro, margem, concorrencia e campanhas antes de teste comercial controlado"
476717,TOALHA BNH VANILLA           RS 1665,"K - CAMA, MESA E BANHO",-0.46008743303415456,115,8,59,30,84115.605,1353.0,correlacao_calculada,associacao exploratoria,correlacao observacional; nao estabelece efeito causal,"NÃO VALIDADO: sazonalidade, mix, campanhas, disponibilidade e loja podem variar junto com preco e volume",investigacao_preco_correlacao,Baixa,correlacao_preco_volume < -0.4 e receita acima da mediana dos produtos validos,correlacao=-0.4601; n_obs=115; receita_total=84115.60,"Investigar cadastro, margem, concorrencia e campanhas antes de teste comercial controlado"
435360,BATERIA P/CARRO        HNP50GDD 50AH,A - AUTOMOTIVO,-0.45838247725287296,35,8,17,11,67676.65800000001,122.0,correlacao_calculada,associacao exploratoria,correlacao observacional; nao estabelece efeito causal,"NÃO VALIDADO: sazonalidade, mix, campanhas, disponibilidade e loja podem variar junto com preco e volume",investigacao_preco_correlacao,Baixa,correlacao_preco_volume < -0.4 e receita acima da mediana dos produtos validos,correlacao=-0.4584; n_obs=35; receita_total=67676.66,"Investigar cadastro, margem, concorrencia e campanhas antes de teste comercial controlado"
480277,COND.SPLIT 12000 EVAP.GWC12  INV.182,D - ELETROS,-0.4557920040099127,49,8,20,14,1364435.4374433444,1405.0,correlacao_calculada,associacao exploratoria,correlacao observacional; nao estabelece efeito causal,"NÃO VALIDADO: sazonalidade, mix, campanhas, disponibilidade e loja podem variar junto com preco e volume",investigacao_preco_correlacao,Baixa,correlacao_preco_volume < -0.4 e receita acima da mediana dos produtos validos,correlacao=-0.4558; n_obs=49; receita_total=1364435.44,"Investigar cadastro, margem, concorrencia e campanhas antes de teste comercial controlado"
408800,ORGANIZADOR 42X20 P/ARMARIO     0078,B - UTILIDADES DOMESTICAS,-0.4555844142699021,196,8,120,45,127673.20999999999,2768.0,correlacao_calculada,associacao exploratoria,correlacao observacional; nao estabelece efeito causal,"NÃO VALIDADO: sazonalidade, mix, campanhas, disponibilidade e loja podem variar junto com preco e volume",investigacao_preco_correlacao,Baixa,correlacao_preco_volume < -0.4 e receita acima da mediana dos produtos validos,correlacao=-0.4556; n_obs=196; receita_total=127673.21,"Investigar cadastro, margem, concorrencia e campanhas antes de teste comercial controlado"
458947,LENCOL JG QUEEN ESTAMPADOS     SORT.,"K - CAMA, MESA E BANHO",-0.45456245599805356,206,8,105,53,328579.44000000006,3580.0,correlacao_calculada,associacao exploratoria,correlacao observacional; nao estabelece efeito causal,"NÃO VALIDADO: sazonalidade, mix, campanhas, disponibilidade e loja podem variar junto com preco e volume",investigacao_preco_correlacao,Baixa,correlacao_preco_volume < -0.4 e receita acima da mediana dos produtos validos,correlacao=-0.4546; n_obs=206; receita_total=328579.44,"Investigar cadastro, margem, concorrencia e campanhas antes de teste comercial controlado"
468898,TOALHA BNH LUMINA          IVORY 112,"K - CAMA, MESA E BANHO",-0.45415294764836756,123,8,49,28,79641.10000000002,1075.0,correlacao_calculada,associacao exploratoria,correlacao observacional; nao estabelece efeito causal,"NÃO VALIDADO: sazonalidade, mix, campanhas, disponibilidade e loja podem variar junto com preco e volume",investigacao_preco_correlacao,Baixa,correlacao_preco_volume < -0.4 e receita acima da mediana dos produtos validos,correlacao=-0.4542; n_obs=123; receita_total=79641.10,"Investigar cadastro, margem, concorrencia e campanhas antes de teste comercial controlado"
466809,TOALHA PRAIA 80X150 FLOREST  LJ 5214,"K - CAMA, MESA E BANHO",-0.4531462148326425,126,8,23,16,43736.49,484.0,correlacao_calculada,associacao exploratoria,correlacao observacional; nao estabelece efeito causal,"NÃO VALIDADO: sazonalidade, mix, campanhas, disponibilidade e loja podem variar junto com preco e volume",investigacao_preco_correlacao,Baixa,correlacao_preco_volume < -0.4 e receita acima da mediana dos produtos validos,correlacao=-0.4531; n_obs=126; receita_total=43736.49,"Investigar cadastro, margem, concorrencia e campanhas antes de teste comercial controlado"
300761,DUCHA OPTIMA          6800W 549 M220,U - METAIS E ACESSORIOS,-0.4528232856734612,150,8,119,74,782007.9231045456,6232.0,correlacao_calculada,associacao exploratoria,correlacao observacional; nao estabelece efeito causal,"NÃO VALIDADO: sazonalidade, mix, campanhas, disponibilidade e loja podem variar junto com preco e volume",investigacao_preco_correlacao,Baixa,correlacao_preco_volume < -0.4 e receita acima da mediana dos produtos validos,correlacao=-0.4528; n_obs=150; receita_total=782007.92,"Investigar cadastro, margem, concorrencia e campanhas antes de teste comercial controlado"
470515,GARRAFA TERM.1L ROLHA    PT SR1091/1,B - UTILIDADES DOMESTICAS,-0.45173127709001826,96,8,52,44,54620.0725,1974.0,correlacao_calculada,associacao exploratoria,correlacao observacional; nao estabelece efeito causal,"NÃO VALIDADO: sazonalidade, mix, campanhas, disponibilidade e loja podem variar junto com preco e volume",investigacao_preco_correlacao,Baixa,correlacao_preco_volume < -0.4 e receita acima da mediana dos produtos validos,correlacao=-0.4517; n_obs=96; receita_total=54620.07,"Investigar cadastro, margem, concorrencia e campanhas antes de teste comercial controlado"
435968,CORTINA 360X250 PRATIKA PARTENON  BR,V - DECORACAO,-0.4486443754917022,51,8,10,13,57479.1105,166.0,correlacao_calculada,associacao exploratoria,correlacao observacional; nao estabelece efeito causal,"NÃO VALIDADO: sazonalidade, mix, campanhas, disponibilidade e loja podem variar junto com preco e volume",investigacao_preco_correlacao,Baixa,correlacao_preco_volume < -0.4 e receita acima da mediana dos produtos validos,correlacao=-0.4486; n_obs=51; receita_total=57479.11,"Investigar cadastro, margem, concorrencia e campanhas antes de teste comercial controlado"
320338,SUQUEIRA CRISTAL 2.0L TORN/PE   3793,B - UTILIDADES DOMESTICAS,-0.4474098224455142,84,8,52,21,76957.40849999999,554.0,correlacao_calculada,associacao exploratoria,correlacao observacional; nao estabelece efeito causal,"NÃO VALIDADO: sazonalidade, mix, campanhas, disponibilidade e loja podem variar junto com preco e volume",investigacao_preco_correlacao,Baixa,correlacao_preco_volume < -0.4 e receita acima da mediana dos produtos validos,correlacao=-0.4474; n_obs=84; receita_total=76957.41,"Investigar cadastro, margem, concorrencia e campanhas antes de teste comercial controlado"
445886,LUMI.LED PLS TARTARUGA BR 8W      NE,I - ILUMINACAO,-0.44658570005824894,123,8,40,34,44992.395,1488.0,correlacao_calculada,associacao exploratoria,correlacao observacional; nao estabelece efeito causal,"NÃO VALIDADO: sazonalidade, mix, campanhas, disponibilidade e loja podem variar junto com preco e volume",investigacao_preco_correlacao,Baixa,correlacao_preco_volume < -0.4 e receita acima da mediana dos produtos validos,correlacao=-0.4466; n_obs=123; receita_total=44992.39,"Investigar cadastro, margem, concorrencia e campanhas antes de teste comercial controlado"
461285,FILTRO GABINETE E-DUE FREED. GF MBIV,D - ELETROS,-0.4445073836386321,37,8,14,8,74831.08500000002,87.0,correlacao_calculada,associacao exploratoria,correlacao observacional; nao estabelece efeito causal,"NÃO VALIDADO: sazonalidade, mix, campanhas, disponibilidade e loja podem variar junto com preco e volume",investigacao_preco_correlacao,Baixa,correlacao_preco_volume < -0.4 e receita acima da mediana dos produtos validos,correlacao=-0.4445; n_obs=37; receita_total=74831.09,"Investigar cadastro, margem, concorrencia e campanhas antes de teste comercial controlado"
479558,"REVEST.A 45X90 RIPA MARM.NERO 2,00M2",C - PISOS E REVESTIMENTOS,-0.44444227269311215,55,8,18,14,63932.19000000001,604.0,correlacao_calculada,associacao exploratoria,correlacao observacional; nao estabelece efeito causal,"NÃO VALIDADO: sazonalidade, mix, campanhas, disponibilidade e loja podem variar junto com preco e volume",investigacao_preco_correlacao,Baixa,correlacao_preco_volume < -0.4 e receita acima da mediana dos produtos validos,correlacao=-0.4444; n_obs=55; receita_total=63932.19,"Investigar cadastro, margem, concorrencia e campanhas antes de teste comercial controlado"
446034,FECH.DIG.SOB.                 FSP100,"G - PORTAS, JANELAS E FECHADURAS",-0.44395156140687037,149,8,90,43,825412.82425,2379.0,correlacao_calculada,associacao exploratoria,correlacao observacional; nao estabelece efeito causal,"NÃO VALIDADO: sazonalidade, mix, campanhas, disponibilidade e loja podem variar junto com preco e volume",investigacao_preco_correlacao,Baixa,correlacao_preco_volume < -0.4 e receita acima da mediana dos produtos validos,correlacao=-0.4440; n_obs=149; receita_total=825412.82,"Investigar cadastro, margem, concorrencia e campanhas antes de teste comercial controlado"
317101,DUCHA HIGI.C18 GAT.ABS       CR 1850,U - METAIS E ACESSORIOS,-0.4423253024334798,135,8,94,90,1335682.7127485431,10441.0,correlacao_calculada,associacao exploratoria,correlacao observacional; nao estabelece efeito causal,"NÃO VALIDADO: sazonalidade, mix, campanhas, disponibilidade e loja podem variar junto com preco e volume",investigacao_preco_correlacao,Baixa,correlacao_preco_volume < -0.4 e receita acima da mediana dos produtos validos,correlacao=-0.4423; n_obs=135; receita_total=1335682.71,"Investigar cadastro, margem, concorrencia e campanhas antes de teste comercial controlado"
450067,CAFET.CAPS. G1     LOV BASIC VM 220V,D - ELETROS,-0.44215575388447687,74,8,36,31,365730.6344999999,961.0,correlacao_calculada,associacao exploratoria,correlacao observacional; nao estabelece efeito causal,"NÃO VALIDADO: sazonalidade, mix, campanhas, disponibilidade e loja podem variar junto com preco e volume",investigacao_preco_correlacao,Baixa,correlacao_preco_volume < -0.4 e receita acima da mediana dos produtos validos,correlacao=-0.4422; n_obs=74; receita_total=365730.63,"Investigar cadastro, margem, concorrencia e campanhas antes de teste comercial controlado"
276764,ESCORREDOR PRATO PLS        BR 10848,B - UTILIDADES DOMESTICAS,-0.4420720628244592,140,8,81,30,67431.27649999999,1319.0,correlacao_calculada,associacao exploratoria,correlacao observacional; nao estabelece efeito causal,"NÃO VALIDADO: sazonalidade, mix, campanhas, disponibilidade e loja podem variar junto com preco e volume",investigacao_preco_correlacao,Baixa,correlacao_preco_volume < -0.4 e receita acima da mediana dos produtos validos,correlacao=-0.4421; n_obs=140; receita_total=67431.28,"Investigar cadastro, margem, concorrencia e campanhas antes de teste comercial controlado"
260256,"TINT.ESM.DIAL.B.AGUA BR 0,9L BR.NEVE",S - TINTAS E QUIMICOS,-0.44092907155469996,55,8,24,34,68543.3875,1453.0,correlacao_calculada,associacao exploratoria,correlacao observacional; nao estabelece efeito causal,"NÃO VALIDADO: sazonalidade, mix, campanhas, disponibilidade e loja podem variar junto com preco e volume",investigacao_preco_correlacao,Baixa,correlacao_preco_volume < -0.4 e receita acima da mediana dos produtos validos,correlacao=-0.4409; n_obs=55; receita_total=68543.39,"Investigar cadastro, margem, concorrencia e campanhas antes de teste comercial controlado"
419437,ARAND.LED PLS.   PT 3W QD   AM 18549,I - ILUMINACAO,-0.44010025108441025,186,8,90,53,205932.09000000003,3493.0,correlacao_calculada,associacao exploratoria,correlacao observacional; nao estabelece efeito causal,"NÃO VALIDADO: sazonalidade, mix, campanhas, disponibilidade e loja podem variar junto com preco e volume",investigacao_preco_correlacao,Baixa,correlacao_preco_volume < -0.4 e receita acima da mediana dos produtos validos,correlacao=-0.4401; n_obs=186; receita_total=205932.09,"Investigar cadastro, margem, concorrencia e campanhas antes de teste comercial controlado"
479092,CORTINA 400X260 GARDENIA       BR/CZ,V - DECORACAO,-0.43925223281339404,61,8,12,10,57361.079999999994,204.0,correlacao_calculada,associacao exploratoria,correlacao observacional; nao estabelece efeito causal,"NÃO VALIDADO: sazonalidade, mix, campanhas, disponibilidade e loja podem variar junto com preco e volume",investigacao_preco_correlacao,Baixa,correlacao_preco_volume < -0.4 e receita acima da mediana dos produtos validos,correlacao=-0.4393; n_obs=61; receita_total=57361.08,"Investigar cadastro, margem, concorrencia e campanhas antes de teste comercial controlado"
473195,PAINEL LED EMB. 18W BR QUAD.    MBIV,I - ILUMINACAO,-0.43893864970692353,125,8,87,99,574123.989303928,38357.0,correlacao_calculada,associacao exploratoria,correlacao observacional; nao estabelece efeito causal,"NÃO VALIDADO: sazonalidade, mix, campanhas, disponibilidade e loja podem variar junto com preco e volume",investigacao_preco_correlacao,Baixa,correlacao_preco_volume < -0.4 e receita acima da mediana dos produtos validos,correlacao=-0.4389; n_obs=125; receita_total=574123.99,"Investigar cadastro, margem, concorrencia e campanhas antes de teste comercial controlado"
489215,"FRITAD.ELET.   3,2 ESSENTIAL PT M127",D - ELETROS,-0.4382987997674578,19,8,16,11,76239.352,309.0,correlacao_calculada,associacao exploratoria,correlacao observacional; nao estabelece efeito causal,"NÃO VALIDADO: sazonalidade, mix, campanhas, disponibilidade e loja podem variar junto com preco e volume",investigacao_preco_correlacao,Baixa,correlacao_preco_volume < -0.4 e receita acima da mediana dos produtos validos,correlacao=-0.4383; n_obs=19; receita_total=76239.35,"Investigar cadastro, margem, concorrencia e campanhas antes de teste comercial controlado"
311864,VENT.MES.20CM MINI CLIP BR 3254 M220,D - ELETROS,-0.4359024539095586,36,8,25,20,46623.149999999994,359.0,correlacao_calculada,associacao exploratoria,correlacao observacional; nao estabelece efeito causal,"NÃO VALIDADO: sazonalidade, mix, campanhas, disponibilidade e loja podem variar junto com preco e volume",investigacao_preco_correlacao,Baixa,correlacao_preco_volume < -0.4 e receita acima da mediana dos produtos validos,correlacao=-0.4359; n_obs=36; receita_total=46623.15,"Investigar cadastro, margem, concorrencia e campanhas antes de teste comercial controlado"
470050,LUSTRE LED 35W NE       LP-201D 5629,I - ILUMINACAO,-0.434347616880484,132,8,103,41,898885.7954999999,1909.0,correlacao_calculada,associacao exploratoria,correlacao observacional; nao estabelece efeito causal,"NÃO VALIDADO: sazonalidade, mix, campanhas, disponibilidade e loja podem variar junto com preco e volume",investigacao_preco_correlacao,Baixa,correlacao_preco_volume < -0.4 e receita acima da mediana dos produtos validos,correlacao=-0.4343; n_obs=132; receita_total=898885.80,"Investigar cadastro, margem, concorrencia e campanhas antes de teste comercial controlado"
472052,TAPETE BANH.TEC.050X070 DALLAS SOT02,U - METAIS E ACESSORIOS,-0.4332512908641755,131,8,72,69,183543.15000000002,4699.0,correlacao_calculada,associacao exploratoria,correlacao observacional; nao estabelece efeito causal,"NÃO VALIDADO: sazonalidade, mix, campanhas, disponibilidade e loja podem variar junto com preco e volume",investigacao_preco_correlacao,Baixa,correlacao_preco_volume < -0.4 e receita acima da mediana dos produtos validos,correlacao=-0.4333; n_obs=131; receita_total=183543.15,"Investigar cadastro, margem, concorrencia e campanhas antes de teste comercial controlado"
166453,ESMERILHA.ANG 4.1/2 820W   G720 M127,F - FERRAMENTAS,-0.4325062828397707,58,8,35,32,299867.085,1079.0,correlacao_calculada,associacao exploratoria,correlacao observacional; nao estabelece efeito causal,"NÃO VALIDADO: sazonalidade, mix, campanhas, disponibilidade e loja podem variar junto com preco e volume",investigacao_preco_correlacao,Baixa,correlacao_preco_volume < -0.4 e receita acima da mediana dos produtos validos,correlacao=-0.4325; n_obs=58; receita_total=299867.09,"Investigar cadastro, margem, concorrencia e campanhas antes de teste comercial controlado"
446333,BASE MONOC.CHUVEIRO BX/AL PRES 3/4CO,U - METAIS E ACESSORIOS,-0.4323921401919714,151,8,102,47,1121780.926,2447.0,correlacao_calculada,associacao exploratoria,correlacao observacional; nao estabelece efeito causal,"NÃO VALIDADO: sazonalidade, mix, campanhas, disponibilidade e loja podem variar junto com preco e volume",investigacao_preco_correlacao,Baixa,correlacao_preco_volume < -0.4 e receita acima da mediana dos produtos validos,correlacao=-0.4324; n_obs=151; receita_total=1121780.93,"Investigar cadastro, margem, concorrencia e campanhas antes de teste comercial controlado"
476716,TOALHA BNH VANILLA           VD 1171,"K - CAMA, MESA E BANHO",-0.4305246089598568,113,8,60,36,95713.97,1537.0,correlacao_calculada,associacao exploratoria,correlacao observacional; nao estabelece efeito causal,"NÃO VALIDADO: sazonalidade, mix, campanhas, disponibilidade e loja podem variar junto com preco e volume",investigacao_preco_correlacao,Baixa,correlacao_preco_volume < -0.4 e receita acima da mediana dos produtos validos,correlacao=-0.4305; n_obs=113; receita_total=95713.97,"Investigar cadastro, margem, concorrencia e campanhas antes de teste comercial controlado"
466292,VEDAFLEX MASTIQUE PU CZ         800G,S - TINTAS E QUIMICOS,-0.428766524841348,92,8,64,53,172392.75200000004,2861.0,correlacao_calculada,associacao exploratoria,correlacao observacional; nao estabelece efeito causal,"NÃO VALIDADO: sazonalidade, mix, campanhas, disponibilidade e loja podem variar junto com preco e volume",investigacao_preco_correlacao,Baixa,correlacao_preco_volume < -0.4 e receita acima da mediana dos produtos validos,correlacao=-0.4288; n_obs=92; receita_total=172392.75,"Investigar cadastro, margem, concorrencia e campanhas antes de teste comercial controlado"
468884,ARMARIO AEREO 1.20 3P        FR/OFF,O - MOVEIS,-0.42873200362433866,98,8,40,25,268041.599,1117.0,correlacao_calculada,associacao exploratoria,correlacao observacional; nao estabelece efeito causal,"NÃO VALIDADO: sazonalidade, mix, campanhas, disponibilidade e loja podem variar junto com preco e volume",investigacao_preco_correlacao,Baixa,correlacao_preco_volume < -0.4 e receita acima da mediana dos produtos validos,correlacao=-0.4287; n_obs=98; receita_total=268041.60,"Investigar cadastro, margem, concorrencia e campanhas antes de teste comercial controlado"
429637,PASSAD.VERT.VAPOR  GCSTES100 PT M220,D - ELETROS,-0.4285271594282178,105,8,65,24,211220.24699999997,730.0,correlacao_calculada,associacao exploratoria,correlacao observacional; nao estabelece efeito causal,"NÃO VALIDADO: sazonalidade, mix, campanhas, disponibilidade e loja podem variar junto com preco e volume",investigacao_preco_correlacao,Baixa,correlacao_preco_volume < -0.4 e receita acima da mediana dos produtos validos,correlacao=-0.4285; n_obs=105; receita_total=211220.25,"Investigar cadastro, margem, concorrencia e campanhas antes de teste comercial controlado"
469884,CORTINA 420X250 HAVINI        BG 020,V - DECORACAO,-0.4270187403530388,117,8,45,26,247769.13000000003,896.0,correlacao_calculada,associacao exploratoria,correlacao observacional; nao estabelece efeito causal,"NÃO VALIDADO: sazonalidade, mix, campanhas, disponibilidade e loja podem variar junto com preco e volume",investigacao_preco_correlacao,Baixa,correlacao_preco_volume < -0.4 e receita acima da mediana dos produtos validos,correlacao=-0.4270; n_obs=117; receita_total=247769.13,"Investigar cadastro, margem, concorrencia e campanhas antes de teste comercial controlado"
489214,"FRITAD.ELET.   3,5 ESSENTIAL PT M220",D - ELETROS,-0.42619835819838553,41,8,32,23,245447.10424514563,913.0,correlacao_calculada,associacao exploratoria,correlacao observacional; nao estabelece efeito causal,"NÃO VALIDADO: sazonalidade, mix, campanhas, disponibilidade e loja podem variar junto com preco e volume",investigacao_preco_correlacao,Baixa,correlacao_preco_volume < -0.4 e receita acima da mediana dos produtos validos,correlacao=-0.4262; n_obs=41; receita_total=245447.10,"Investigar cadastro, margem, concorrencia e campanhas antes de teste comercial controlado"
419777,TORNEIRA LAVA.MESA B.BAIX.  C77   PT,U - METAIS E ACESSORIOS,-0.42470553095908997,110,8,43,10,100780.04999999999,287.0,correlacao_calculada,associacao exploratoria,correlacao observacional; nao estabelece efeito causal,"NÃO VALIDADO: sazonalidade, mix, campanhas, disponibilidade e loja podem variar junto com preco e volume",investigacao_preco_correlacao,Baixa,correlacao_preco_volume < -0.4 e receita acima da mediana dos produtos validos,correlacao=-0.4247; n_obs=110; receita_total=100780.05,"Investigar cadastro, margem, concorrencia e campanhas antes de teste comercial controlado"
489647,PANELA PRESSAO ANTIAD.4.5L   5306897,B - UTILIDADES DOMESTICAS,-0.4232299457492468,78,8,69,64,1261232.452528321,7030.0,correlacao_calculada,associacao exploratoria,correlacao observacional; nao estabelece efeito causal,"NÃO VALIDADO: sazonalidade, mix, campanhas, disponibilidade e loja podem variar junto com preco e volume",investigacao_preco_correlacao,Baixa,correlacao_preco_volume < -0.4 e receita acima da mediana dos produtos validos,correlacao=-0.4232; n_obs=78; receita_total=1261232.45,"Investigar cadastro, margem, concorrencia e campanhas antes de teste comercial controlado"
446660,"PORCEL.A 60X120ESM.CALI.WH EXT1,44M2",C - PISOS E REVESTIMENTOS,-0.4200278137822907,33,8,16,20,92553.4512,671.0400000000001,correlacao_calculada,associacao exploratoria,correlacao observacional; nao estabelece efeito causal,"NÃO VALIDADO: sazonalidade, mix, campanhas, disponibilidade e loja podem variar junto com preco e volume",investigacao_preco_correlacao,Baixa,correlacao_preco_volume < -0.4 e receita acima da mediana dos produtos validos,correlacao=-0.4200; n_obs=33; receita_total=92553.45,"Investigar cadastro, margem, concorrencia e campanhas antes de teste comercial controlado"
399350,ORGANIZADOR 42X20 P/ARMARIO     0074,B - UTILIDADES DOMESTICAS,-0.4172909576649846,207,8,135,58,217768.8475,4678.0,correlacao_calculada,associacao exploratoria,correlacao observacional; nao estabelece efeito causal,"NÃO VALIDADO: sazonalidade, mix, campanhas, disponibilidade e loja podem variar junto com preco e volume",investigacao_preco_correlacao,Baixa,correlacao_preco_volume < -0.4 e receita acima da mediana dos produtos validos,correlacao=-0.4173; n_obs=207; receita_total=217768.85,"Investigar cadastro, margem, concorrencia e campanhas antes de teste comercial controlado"
449065,PANELA PRESSAO ANTIAD.4.5L   GR 5481,B - UTILIDADES DOMESTICAS,-0.4147142894034109,130,8,78,47,653854.4180000001,3692.0,correlacao_calculada,associacao exploratoria,correlacao observacional; nao estabelece efeito causal,"NÃO VALIDADO: sazonalidade, mix, campanhas, disponibilidade e loja podem variar junto com preco e volume",investigacao_preco_correlacao,Baixa,correlacao_preco_volume < -0.4 e receita acima da mediana dos produtos validos,correlacao=-0.4147; n_obs=130; receita_total=653854.42,"Investigar cadastro, margem, concorrencia e campanhas antes de teste comercial controlado"
477961,LUSTRE LED 3EM1 20W    ACR-003D 6058,I - ILUMINACAO,-0.41400640100284763,140,8,93,34,602573.5064999999,1363.0,correlacao_calculada,associacao exploratoria,correlacao observacional; nao estabelece efeito causal,"NÃO VALIDADO: sazonalidade, mix, campanhas, disponibilidade e loja podem variar junto com preco e volume",investigacao_preco_correlacao,Baixa,correlacao_preco_volume < -0.4 e receita acima da mediana dos produtos validos,correlacao=-0.4140; n_obs=140; receita_total=602573.51,"Investigar cadastro, margem, concorrencia e campanhas antes de teste comercial controlado"
474538,TOALHA BNH JACQUARD TRENTO        TP,"K - CAMA, MESA E BANHO",-0.4130585150007262,130,8,57,36,81070.6995,1443.0,correlacao_calculada,associacao exploratoria,correlacao observacional; nao estabelece efeito causal,"NÃO VALIDADO: sazonalidade, mix, campanhas, disponibilidade e loja podem variar junto com preco e volume",investigacao_preco_correlacao,Baixa,correlacao_preco_volume < -0.4 e receita acima da mediana dos produtos validos,correlacao=-0.4131; n_obs=130; receita_total=81070.70,"Investigar cadastro, margem, concorrencia e campanhas antes de teste comercial controlado"
467130,FACA JG 5PC CROSS        PT 2556/316,B - UTILIDADES DOMESTICAS,-0.4127511318809894,144,8,55,29,92427.86700000001,1330.0,correlacao_calculada,associacao exploratoria,correlacao observacional; nao estabelece efeito causal,"NÃO VALIDADO: sazonalidade, mix, campanhas, disponibilidade e loja podem variar junto com preco e volume",investigacao_preco_correlacao,Baixa,correlacao_preco_volume < -0.4 e receita acima da mediana dos produtos validos,correlacao=-0.4128; n_obs=144; receita_total=92427.87,"Investigar cadastro, margem, concorrencia e campanhas antes de teste comercial controlado"
458946,LENCOL JG CASAL ESTAMPADOS     SORT.,"K - CAMA, MESA E BANHO",-0.41106287530415403,210,8,104,54,316999.62,4047.0,correlacao_calculada,associacao exploratoria,correlacao observacional; nao estabelece efeito causal,"NÃO VALIDADO: sazonalidade, mix, campanhas, disponibilidade e loja podem variar junto com preco e volume",investigacao_preco_correlacao,Baixa,correlacao_preco_volume < -0.4 e receita acima da mediana dos produtos validos,correlacao=-0.4111; n_obs=210; receita_total=316999.62,"Investigar cadastro, margem, concorrencia e campanhas antes de teste comercial controlado"
263317,"TINT.ESM.DIAL.B.AGUA AC 0,9L BR.NEVE",S - TINTAS E QUIMICOS,-0.4108911734511925,64,8,29,41,109659.145,2711.0,correlacao_calculada,associacao exploratoria,correlacao observacional; nao estabelece efeito causal,"NÃO VALIDADO: sazonalidade, mix, campanhas, disponibilidade e loja podem variar junto com preco e volume",investigacao_preco_correlacao,Baixa,correlacao_preco_volume < -0.4 e receita acima da mediana dos produtos validos,correlacao=-0.4109; n_obs=64; receita_total=109659.15,"Investigar cadastro, margem, concorrencia e campanhas antes de teste comercial controlado"
410730,PISO FELP.CHARME 50X70        AM 189,"K - CAMA, MESA E BANHO",-0.4078631039266558,207,8,113,57,59508.561,4493.0,correlacao_calculada,associacao exploratoria,correlacao observacional; nao estabelece efeito causal,"NÃO VALIDADO: sazonalidade, mix, campanhas, disponibilidade e loja podem variar junto com preco e volume",investigacao_preco_correlacao,Baixa,correlacao_preco_volume < -0.4 e receita acima da mediana dos produtos validos,correlacao=-0.4079; n_obs=207; receita_total=59508.56,"Investigar cadastro, margem, concorrencia e campanhas antes de teste comercial controlado"
467900,COLCHA CASAL+P.TRAV 3PC MILAO SORT.7,"K - CAMA, MESA E BANHO",-0.4074157234517118,99,8,56,38,179018.28000000003,1539.0,correlacao_calculada,associacao exploratoria,correlacao observacional; nao estabelece efeito causal,"NÃO VALIDADO: sazonalidade, mix, campanhas, disponibilidade e loja podem variar junto com preco e volume",investigacao_preco_correlacao,Baixa,correlacao_preco_volume < -0.4 e receita acima da mediana dos produtos validos,correlacao=-0.4074; n_obs=99; receita_total=179018.28,"Investigar cadastro, margem, concorrencia e campanhas antes de teste comercial controlado"
300810,RESIST.OPTIMA         5500W 102 M127,U - METAIS E ACESSORIOS,-0.40695461788250475,32,8,14,23,64285.16500000001,1167.0,correlacao_calculada,associacao exploratoria,correlacao observacional; nao estabelece efeito causal,"NÃO VALIDADO: sazonalidade, mix, campanhas, disponibilidade e loja podem variar junto com preco e volume",investigacao_preco_correlacao,Baixa,correlacao_preco_volume < -0.4 e receita acima da mediana dos produtos validos,correlacao=-0.4070; n_obs=32; receita_total=64285.17,"Investigar cadastro, margem, concorrencia e campanhas antes de teste comercial controlado"
484378,FECH.DIG.SOB.                  FR102,"G - PORTAS, JANELAS E FECHADURAS",-0.40660304599701563,94,8,53,31,493613.0500000001,1158.0,correlacao_calculada,associacao exploratoria,correlacao observacional; nao estabelece efeito causal,"NÃO VALIDADO: sazonalidade, mix, campanhas, disponibilidade e loja podem variar junto com preco e volume",investigacao_preco_correlacao,Baixa,correlacao_preco_volume < -0.4 e receita acima da mediana dos produtos validos,correlacao=-0.4066; n_obs=94; receita_total=493613.05,"Investigar cadastro, margem, concorrencia e campanhas antes de teste comercial controlado"
450826,TOALHA BANHAO RAVENNA        RS 3364,"K - CAMA, MESA E BANHO",-0.4057951673051574,123,8,34,18,43623.615000000005,602.0,correlacao_calculada,associacao exploratoria,correlacao observacional; nao estabelece efeito causal,"NÃO VALIDADO: sazonalidade, mix, campanhas, disponibilidade e loja podem variar junto com preco e volume",investigacao_preco_correlacao,Baixa,correlacao_preco_volume < -0.4 e receita acima da mediana dos produtos validos,correlacao=-0.4058; n_obs=123; receita_total=43623.62,"Investigar cadastro, margem, concorrencia e campanhas antes de teste comercial controlado"
434961,TOALHA BNH LUMINA NAVAL/AZ   3675247,"K - CAMA, MESA E BANHO",-0.4051996534028625,179,8,64,31,138543.47500000003,1668.0,correlacao_calculada,associacao exploratoria,correlacao observacional; nao estabelece efeito causal,"NÃO VALIDADO: sazonalidade, mix, campanhas, disponibilidade e loja podem variar junto com preco e volume",investigacao_preco_correlacao,Baixa,correlacao_preco_volume < -0.4 e receita acima da mediana dos produtos validos,correlacao=-0.4052; n_obs=179; receita_total=138543.48,"Investigar cadastro, margem, concorrencia e campanhas antes de teste comercial controlado"
440532,FRIGIDEIRA ANTIAD.03PC      PT 05725,B - UTILIDADES DOMESTICAS,-0.4045784176644242,183,8,140,53,324645.5539102564,3795.0,correlacao_calculada,associacao exploratoria,correlacao observacional; nao estabelece efeito causal,"NÃO VALIDADO: sazonalidade, mix, campanhas, disponibilidade e loja podem variar junto com preco e volume",investigacao_preco_correlacao,Baixa,correlacao_preco_volume < -0.4 e receita acima da mediana dos produtos validos,correlacao=-0.4046; n_obs=183; receita_total=324645.55,"Investigar cadastro, margem, concorrencia e campanhas antes de teste comercial controlado"
470327,PORTA-SHAMPOO BOX      BR     OR0173,U - METAIS E ACESSORIOS,-0.40388529138170715,177,8,86,29,112105.66500000001,1733.0,correlacao_calculada,associacao exploratoria,correlacao observacional; nao estabelece efeito causal,"NÃO VALIDADO: sazonalidade, mix, campanhas, disponibilidade e loja podem variar junto com preco e volume",investigacao_preco_correlacao,Baixa,correlacao_preco_volume < -0.4 e receita acima da mediana dos produtos validos,correlacao=-0.4039; n_obs=177; receita_total=112105.67,"Investigar cadastro, margem, concorrencia e campanhas antes de teste comercial controlado"
486781,LENCOL JG CASAL MICROTEC      SORT 5,"K - CAMA, MESA E BANHO",-0.40384914624251655,123,8,66,41,204060.696,1905.0,correlacao_calculada,associacao exploratoria,correlacao observacional; nao estabelece efeito causal,"NÃO VALIDADO: sazonalidade, mix, campanhas, disponibilidade e loja podem variar junto com preco e volume",investigacao_preco_correlacao,Baixa,correlacao_preco_volume < -0.4 e receita acima da mediana dos produtos validos,correlacao=-0.4038; n_obs=123; receita_total=204060.70,"Investigar cadastro, margem, concorrencia e campanhas antes de teste comercial controlado"
442138,CADEIRA POLIP ALICE              OFF,O - MOVEIS,-0.40298219636175975,127,8,62,64,1027090.6625000002,4442.0,correlacao_calculada,associacao exploratoria,correlacao observacional; nao estabelece efeito causal,"NÃO VALIDADO: sazonalidade, mix, campanhas, disponibilidade e loja podem variar junto com preco e volume",investigacao_preco_correlacao,Baixa,correlacao_preco_volume < -0.4 e receita acima da mediana dos produtos validos,correlacao=-0.4030; n_obs=127; receita_total=1027090.66,"Investigar cadastro, margem, concorrencia e campanhas antes de teste comercial controlado"
471794,REFLETOR LED AL.20W          5952 VD,I - ILUMINACAO,-0.4024860051133794,183,8,74,41,62005.44,2108.0,correlacao_calculada,associacao exploratoria,correlacao observacional; nao estabelece efeito causal,"NÃO VALIDADO: sazonalidade, mix, campanhas, disponibilidade e loja podem variar junto com preco e volume",investigacao_preco_correlacao,Baixa,correlacao_preco_volume < -0.4 e receita acima da mediana dos produtos validos,correlacao=-0.4025; n_obs=183; receita_total=62005.44,"Investigar cadastro, margem, concorrencia e campanhas antes de teste comercial controlado"
463142,"LUMI. LED SOB. SLIM 2,34M BR 72W  BR",I - ILUMINACAO,-0.40215035820373607,112,8,60,32,112880.75400000002,1080.0,correlacao_calculada,associacao exploratoria,correlacao observacional; nao estabelece efeito causal,"NÃO VALIDADO: sazonalidade, mix, campanhas, disponibilidade e loja podem variar junto com preco e volume",investigacao_preco_correlacao,Baixa,correlacao_preco_volume < -0.4 e receita acima da mediana dos produtos validos,correlacao=-0.4022; n_obs=112; receita_total=112880.75,"Investigar cadastro, margem, concorrencia e campanhas antes de teste comercial controlado"
249008,FECH.IN RM IXP 901/882        VICTO.,"G - PORTAS, JANELAS E FECHADURAS",-0.40212129739019115,154,8,62,25,201993.48750000002,1134.0,correlacao_calculada,associacao exploratoria,correlacao observacional; nao estabelece efeito causal,"NÃO VALIDADO: sazonalidade, mix, campanhas, disponibilidade e loja podem variar junto com preco e volume",investigacao_preco_correlacao,Baixa,correlacao_preco_volume < -0.4 e receita acima da mediana dos produtos validos,correlacao=-0.4021; n_obs=154; receita_total=201993.49,"Investigar cadastro, margem, concorrencia e campanhas antes de teste comercial controlado"
466797,TOALHA PRAIA 80X150 OCEAN    RS 3859,"K - CAMA, MESA E BANHO",-0.4010228149479097,140,8,24,16,49574.28,538.0,correlacao_calculada,associacao exploratoria,correlacao observacional; nao estabelece efeito causal,"NÃO VALIDADO: sazonalidade, mix, campanhas, disponibilidade e loja podem variar junto com preco e volume",investigacao_preco_correlacao,Baixa,correlacao_preco_volume < -0.4 e receita acima da mediana dos produtos validos,correlacao=-0.4010; n_obs=140; receita_total=49574.28,"Investigar cadastro, margem, concorrencia e campanhas antes de teste comercial controlado"
461378,COLCHA CASAL+P.TRAV 3PC JASMINE VD.O,"K - CAMA, MESA E BANHO",-0.4003615441337524,77,8,43,25,85390.872,681.0,correlacao_calculada,associacao exploratoria,correlacao observacional; nao estabelece efeito causal,"NÃO VALIDADO: sazonalidade, mix, campanhas, disponibilidade e loja podem variar junto com preco e volume",investigacao_preco_correlacao,Baixa,correlacao_preco_volume < -0.4 e receita acima da mediana dos produtos validos,correlacao=-0.4004; n_obs=77; receita_total=85390.87,"Investigar cadastro, margem, concorrencia e campanhas antes de teste comercial controlado"
