CODIGO,DESCRICAO,NIVEL_1,motivo,receita,qtd_vendida
208976,DUCHA HIGI.SKIN VP 41           1850,U - METAIS E ACESSORIOS,Zero vendas em 24 meses,,
232822,TORNEIRA PIA PARE.CR        C77 1182,U - METAIS E ACESSORIOS,Zero vendas em 24 meses,,
435055,LIVRO FISHER PRICE MESVERSARIO  7312,"L - INFANTIL, LAZER E PETS",Receita irrisoria + estoque parado,321.07950000000005,43.0
259971,LUVA PPR F/F                    32MM,H - TUBOS E CONEXOES,Receita irrisoria + estoque parado,484.89,76.0
343684,ABRACAD.PLS P/TUBO 15 A 35MM,E - MATERIAIS ELETRICOS,Receita irrisoria + estoque parado,813.5295000000001,196.0
430480,PORTA AL.BALC. 210X200 4F      FC BR,"G - PORTAS, JANELAS E FECHADURAS",Receita irrisoria + estoque parado,943.95,1.0
436655,CAPA ALM.43X43 VELUDO        BG 3136,V - DECORACAO,Receita irrisoria + estoque parado,1025.43,34.0
438085,FACA MESA (AV) IX/PLS BAMBU     1196,B - UTILIDADES DOMESTICAS,Receita irrisoria + estoque parado,1033.074,282.0
452812,POTE VID.QUAD.HERM.530ML BAMBU  8072,B - UTILIDADES DOMESTICAS,Receita irrisoria + estoque parado,1051.995,31.0
351462,PRATO RASO CER.26CM BURGUER  AM 6783,B - UTILIDADES DOMESTICAS,Receita irrisoria + estoque parado,1080.8385,58.0
167821,CUBA LOC.EMB.39X30 OVAL   10119 PR77,W - LOUCAS E PIAS,Receita irrisoria + estoque parado,1104.285,13.0
165658,LUVA REDUCAO ROSCA           1 X 3/4,H - TUBOS E CONEXOES,Receita irrisoria + estoque parado,1189.545,152.0
440053,"PORCEL.A 60X120 ESM.CONCRETE  2,20M2",C - PISOS E REVESTIMENTOS,Receita irrisoria + estoque parado,1213.4199000000003,19.8
344309,ADAPTA.SOLD.CAIXA C/ANEL  50MMX1.1/2,H - TUBOS E CONEXOES,Receita irrisoria + estoque parado,1238.37,46.0
309553,PORTA MAD.FRISADA.090X210 IPE    F01,"G - PORTAS, JANELAS E FECHADURAS",Receita irrisoria + estoque parado,1285.095,6.0
445484,CADEIRA FIBRA NADIA               CM,O - MOVEIS,Receita irrisoria + estoque parado,1322.16,8.0
472394,XICARA CAFE PORC.75ML C/P 6PC  03328,B - UTILIDADES DOMESTICAS,Receita irrisoria + estoque parado,1349.775,25.0
459368,INT.ALAVANCA ON/OFF HAST. LONGA 250W,E - MATERIAIS ELETRICOS,Receita irrisoria + estoque parado,1375.92,104.0
417598,BISNAGA PLS 210ML  ALCOOL GEL SR2326,B - UTILIDADES DOMESTICAS,Receita irrisoria + estoque parado,1379.4060000000002,260.0
154333,TACHA AZULADA         13MM 50UN 1702,Q - BASICOS CONSTRUCAO,Receita irrisoria + estoque parado,1433.2500000000002,195.0
460488,COND.SPLIT 12000 EVAP 42TFQA Q/F 133,D - ELETROS,Receita irrisoria + estoque parado,1448.79,2.0
374035,"CER.A 58X58 PSI65910       P3 2,68M2",C - PISOS E REVESTIMENTOS,Receita irrisoria + estoque parado,1468.908,53.6
432459,CANECA CER.280ML           BR 075983,B - UTILIDADES DOMESTICAS,Receita irrisoria + estoque parado,1505.5635,111.0
407150,PORTA-BOLO IX 32CM C/TP     1525/499,B - UTILIDADES DOMESTICAS,Receita irrisoria + estoque parado,1515.9585000000002,24.0
471329,XICARA CAFE PORC.75ML C/P      01298,B - UTILIDADES DOMESTICAS,Receita irrisoria + estoque parado,1546.61325,163.0
469255,ESPATULA CONFEITEIRO 37CM       7754,B - UTILIDADES DOMESTICAS,Receita irrisoria + estoque parado,1570.0125,126.0
464864,MEDIDOR COLHER IX              24478,B - UTILIDADES DOMESTICAS,Receita irrisoria + estoque parado,1582.14,92.0
472401,XICARA CAFE PORC.65ML C/P 6PC  20084,B - UTILIDADES DOMESTICAS,Receita irrisoria + estoque parado,1603.455,29.0
412007,GARFO MESA IX/PLS BAMBU  6PC    7381,B - UTILIDADES DOMESTICAS,Receita irrisoria + estoque parado,1826.475,75.0
471272,XICARA CAFE PORC.65ML C/P     102868,B - UTILIDADES DOMESTICAS,Receita irrisoria + estoque parado,1838.1265,215.0
218197,RODAPE NT  7CM 446RP/NA-01 2.40ML/PC,C - PISOS E REVESTIMENTOS,Receita irrisoria + estoque parado,1862.175,16.0
444103,FACA OSTRA 14CM            PT CK3481,B - UTILIDADES DOMESTICAS,Receita irrisoria + estoque parado,1963.9410000000005,250.0
471291,XICARA CAFE CER.65ML C/P 6PC   90804,B - UTILIDADES DOMESTICAS,Receita irrisoria + estoque parado,1969.8,40.0
472390,XICARA CAFE PORC.65ML C/P 6PC  60936,B - UTILIDADES DOMESTICAS,Receita irrisoria + estoque parado,2090.445,41.0
468639,FORMA HAMBURGUER IX 02PC      ARO-01,B - UTILIDADES DOMESTICAS,Receita irrisoria + estoque parado,2097.732,135.0
372342,"CER.A 7X26 CHROMA WH ASSIME.  0,92M2",C - PISOS E REVESTIMENTOS,Receita irrisoria + estoque parado,2129.05434,31.28
412038,COLHER CHA IX/PLS BAMBU 06PC    7388,B - UTILIDADES DOMESTICAS,Receita irrisoria + estoque parado,2197.755,89.0
167932,COPO CALDINHO CER.90ML  BR C030-0801,B - UTILIDADES DOMESTICAS,Receita irrisoria + estoque parado,2303.7525,181.0
451480,BALCAO COZ. 1.20 4G               BR,O - MOVEIS,Receita irrisoria + estoque parado,2330.685,3.0
347230,ABRACAD.PLS P/TUBO 40 A 75MM,E - MATERIAIS ELETRICOS,Receita irrisoria + estoque parado,2332.6695,292.0
14540,COLUNA SAVEIRO             0220 PG59,W - LOUCAS E PIAS,Receita irrisoria + estoque parado,2364.1800000000003,26.0
433369,FITA ADES.REFLET.BIKE         BRANCO,A - AUTOMOTIVO,Receita irrisoria + estoque parado,2377.5150000000003,57.0
371732,JANE.AL 2F TROP. A100XL080    VC NAT,"G - PORTAS, JANELAS E FECHADURAS",Receita irrisoria + estoque parado,2391.48,15.0
466502,PANELEIRO CANTONEIRA 26CM     707931,O - MOVEIS,Receita irrisoria + estoque parado,2435.37,6.0
453469,DISPOSIT.SURTO ELET.2P 20A        TP,E - MATERIAIS ELETRICOS,Receita irrisoria + estoque parado,2490.6,49.0
471276,XICARA CAFE CER.90ML C/P 4PC   27818,B - UTILIDADES DOMESTICAS,Receita irrisoria + estoque parado,2494.065,57.0
445826,GARFO MESA IX JG 6PC            1825,B - UTILIDADES DOMESTICAS,Receita irrisoria + estoque parado,2495.43,74.0
460945,COND.SPLIT 12000 EVAP.GWC12  INV.138,D - ELETROS,Receita irrisoria + estoque parado,2516.535,3.0
460489,COND.SPLIT 12000 COND 38TFQA Q/F 133,D - ELETROS,Receita irrisoria + estoque parado,2517.9,2.0
79325,"CUBA LOC.EMB.49X32,5 OVAL  7611 PR77",W - LOUCAS E PIAS,Receita irrisoria + estoque parado,2627.52,21.0
466708,P.ALGODAO/COTON.           AZ PAC700,U - METAIS E ACESSORIOS,Receita irrisoria + estoque parado,2674.14,162.0
169185,COLUNA SUSP.FIT           66202 PG59,W - LOUCAS E PIAS,Receita irrisoria + estoque parado,2747.325,8.0
457903,GARRAFA AGUA VID.1.0L C/T     PEIXES,B - UTILIDADES DOMESTICAS,Receita irrisoria + estoque parado,2795.94,132.0
398169,ESPONJA GRILL DUPLA FACE       BT488,B - UTILIDADES DOMESTICAS,Receita irrisoria + estoque parado,2801.7045,148.0
186579,COLUNA SUSP.FIT           66202 PT02,W - LOUCAS E PIAS,Receita irrisoria + estoque parado,2879.835,9.0
422977,"PORCEL.A 16X120 ESM.ALVOR  ABS0,96M2",C - PISOS E REVESTIMENTOS,Receita irrisoria + estoque parado,2942.3520000000003,20.16
412014,COLHER MESA IX/PLS BAMBU 6PC    7383,B - UTILIDADES DOMESTICAS,Receita irrisoria + estoque parado,2954.175,90.0
434131,FILETE A 1X120 BEIGE BR          4UN,C - PISOS E REVESTIMENTOS,Receita irrisoria + estoque parado,2976.1725,68.0
460843,TEXTURA GRAFIAT.RISC.PLS  5KG  M.MAR,S - TINTAS E QUIMICOS,Receita irrisoria + estoque parado,3008.7750000000005,45.0
458454,PLAFON MET/VID.      1XE27 URSO 0043,I - ILUMINACAO,Receita irrisoria + estoque parado,3026.8245,124.0
74486,ABRACAD.PLS ELET.      1 1/4 TMC  CZ,E - MATERIAIS ELETRICOS,Receita irrisoria + estoque parado,3046.4700000000003,2500.0
181901,CANECA CER.360ML        BR A08B-0802,B - UTILIDADES DOMESTICAS,Receita irrisoria + estoque parado,3049.515,157.0
354090,PANO AMER.PVC RET.BRILHO   VM 050105,B - UTILIDADES DOMESTICAS,Receita irrisoria + estoque parado,3052.6755,218.0
440673,COMODA 0.95X0.51 4G TEXAS     TR/GRG,O - MOVEIS,Receita irrisoria + estoque parado,3096.03,5.0
471268,XICARA CAFE PORC.100ML C/P     16174,B - UTILIDADES DOMESTICAS,Receita irrisoria + estoque parado,3177.9405,384.0
150815,PORTA-GUARDANAPO TALHERES      AC703,B - UTILIDADES DOMESTICAS,Receita irrisoria + estoque parado,3238.515,127.0
165978,JUNCAO ESGOTO DUPLA            100MM,H - TUBOS E CONEXOES,Receita irrisoria + estoque parado,3241.77,66.0
358060,PULS.CAMP.MOD.10A     SN4005NF LIGHT,E - MATERIAIS ELETRICOS,Receita irrisoria + estoque parado,3319.365,87.0
432464,XICARA CHA CER. 200ML C/P     102439,B - UTILIDADES DOMESTICAS,Receita irrisoria + estoque parado,3330.915,87.0
470253,PANO AMER.OVAL 30X45        VM 10612,B - UTILIDADES DOMESTICAS,Receita irrisoria + estoque parado,3372.537,281.0
170458,ESTOJO PLS NECESSAIRE 22X06 PT 13059,B - UTILIDADES DOMESTICAS,Receita irrisoria + estoque parado,3373.125,305.0
374203,COND.SPLIT  9000 EVAP.HWFI09      35,D - ELETROS,Receita irrisoria + estoque parado,3438.6450000000004,6.0
374202,COND.SPLIT  9000 COND.HWFE09      35,D - ELETROS,Receita irrisoria + estoque parado,3483.9,4.0
452129,SECADOR CAB. 2000W    SCN-50 BR M127,D - ELETROS,Receita irrisoria + estoque parado,3534.3,24.0
429504,PLACA 4X4 2+2PST.          LGP44 POP,E - MATERIAIS ELETRICOS,Receita irrisoria + estoque parado,3681.3,339.0
159342,PLUG FEMEA 2P   BR 10A        615803,E - MATERIAIS ELETRICOS,Receita irrisoria + estoque parado,3792.495,232.0
428016,AUTOMATICO NIVEL INF/SUP ULTRA   25A,M - MAQUINAS E MOTORES,Receita irrisoria + estoque parado,3814.440000000001,44.0
451970,RESERVATORIO MOP SPRAY SLIM  BT1812R,B - UTILIDADES DOMESTICAS,Receita irrisoria + estoque parado,3868.704,86.0
544,PLACA 4X2 2PST.       618502 PLUS,E - MATERIAIS ELETRICOS,Receita irrisoria + estoque parado,3921.162,426.0
415166,CORPO PLS RALO LIN  GRELHA CZ   50CM,H - TUBOS E CONEXOES,Receita irrisoria + estoque parado,3961.965,98.0
452299,REFLETOR LED AL.10W          5523 BR,I - ILUMINACAO,Receita irrisoria + estoque parado,3965.535,123.0
223443,BA/CX CJ.INFANT. 3/6LT     08769  BR,W - LOUCAS E PIAS,Receita irrisoria + estoque parado,4007.325,5.0
432455,PRATO RASO PORC.26X26CM BOSSA 102443,B - UTILIDADES DOMESTICAS,Receita irrisoria + estoque parado,4143.3,100.0
399746,MANG.PLS JG CRISTALFLEX JARD.VM  20M,J - JARDINAGEM,Receita irrisoria + estoque parado,4156.005,49.0
450691,COPO CERVEJA VID. 300ML         0370,B - UTILIDADES DOMESTICAS,Receita irrisoria + estoque parado,4163.019,341.0
437801,"CLIP PISO NIVELADOR 1,0MM SM   100UN",Q - BASICOS CONSTRUCAO,Receita irrisoria + estoque parado,4205.1345,252.0
432465,XICARA CAFE CER.75ML C/P  RS  102441,B - UTILIDADES DOMESTICAS,Receita irrisoria + estoque parado,4258.38,474.0
157385,VALV.LAVAT.CURTA BR              VP1,U - METAIS E ACESSORIOS,Receita irrisoria + estoque parado,4264.365,526.0
6155,COLUNA SAVEIRO             0220 PR77,W - LOUCAS E PIAS,Receita irrisoria + estoque parado,4287.780000000001,45.0
441145,TORNEIRA PIA COZ. HYDRAPLUS 1167  PT,U - METAIS E ACESSORIOS,Receita irrisoria + estoque parado,4311.09,102.0
269039,CX.ACOPL UNIVER.CD00F DUA.VERDE MV60,W - LOUCAS E PIAS,Receita irrisoria + estoque parado,4312.98,18.0
90240,TUBO COBR HIDR.CLAS.E 5M 35MM 3.36KG,H - TUBOS E CONEXOES,Receita irrisoria + estoque parado,4347.525,5.0
432568,GRAMPEADOR 15F MINI C/EXTRATOR EI001,T - ARTIGOS DE EPOCA,Receita irrisoria + estoque parado,4429.215,327.0
445422,GARFO FONDUE IX 06PC        2051/325,B - UTILIDADES DOMESTICAS,Receita irrisoria + estoque parado,4434.675,140.0
432436,PRATO SMES.CER.19CM CREAM     102387,B - UTILIDADES DOMESTICAS,Receita irrisoria + estoque parado,4471.11,208.0
471280,XICARA CAFE CER.90ML C/P 4PC   16493,B - UTILIDADES DOMESTICAS,Receita irrisoria + estoque parado,4472.895,101.0
455499,TINT.SPRAY LUMINOSO 400ML         LJ,S - TINTAS E QUIMICOS,Receita irrisoria + estoque parado,4482.87,186.0
439366,PRATO RASO CER.28CM         7514-101,B - UTILIDADES DOMESTICAS,Receita irrisoria + estoque parado,4515.945,134.0
421455,"REVEST.A 35X59 RVE35420       2,05M2",C - PISOS E REVESTIMENTOS,Receita irrisoria + estoque parado,4535.3175,102.5
423091,PRATO BOLO VID.C/PE            95105,B - UTILIDADES DOMESTICAS,Receita irrisoria + estoque parado,4541.145,41.0
462151,FECH. AUXILIAR TETRA ROS23        CR,"G - PORTAS, JANELAS E FECHADURAS",Receita irrisoria + estoque parado,4544.61,52.0
465868,TOALHA RST HANNAH 48X80 RX      1334,"K - CAMA, MESA E BANHO",Receita irrisoria + estoque parado,4573.38,94.0
301243,RESIST.SPOT           5500W 250 M127,U - METAIS E ACESSORIOS,Receita irrisoria + estoque parado,4590.075,105.0
416567,PINCEL COZINHA SILICONE 17CM AM 108C,B - UTILIDADES DOMESTICAS,Receita irrisoria + estoque parado,4619.989500000001,647.0
454447,CAPA ALM.45X45 DIANA              VM,V - DECORACAO,Receita irrisoria + estoque parado,4808.895,201.0
440692,FRONHA AVULSA PERCAL  50X90 KING CAS,"K - CAMA, MESA E BANHO",Receita irrisoria + estoque parado,4869.6900000000005,122.0
423042,"CER.A 80X80 INFINITA BG BR P5 1,92M2",C - PISOS E REVESTIMENTOS,Receita irrisoria + estoque parado,4943.8368,90.24
408313,"CER.A 20X20 UNO FOLD MATTE P2 1,18M2",C - PISOS E REVESTIMENTOS,Receita irrisoria + estoque parado,5003.2059,44.84
460562,XICARA CAFE CRIST.70ML C/P      2773,B - UTILIDADES DOMESTICAS,Receita irrisoria + estoque parado,5016.69,242.0
415167,CORPO PLS RALO LIN  GRELHA CZ   70CM,H - TUBOS E CONEXOES,Receita irrisoria + estoque parado,5026.875,85.0
437274,PRATO FUND.CER.24CM SHANTI    040913,B - UTILIDADES DOMESTICAS,Receita irrisoria + estoque parado,5033.49,247.0
429506,PLACA 4X4 3+3PST.          LGP46 POP,E - MATERIAIS ELETRICOS,Receita irrisoria + estoque parado,5046.09,442.0
437667,PLACA 4X4 1+1PST.          LGP42 POP,E - MATERIAIS ELETRICOS,Receita irrisoria + estoque parado,5058.69,441.0
374554,CANECA PLS 350ML             RS D110,B - UTILIDADES DOMESTICAS,Receita irrisoria + estoque parado,5101.005,698.0
457905,GARRAFA AGUA VID.1.0L C/T      WATER,B - UTILIDADES DOMESTICAS,Receita irrisoria + estoque parado,5109.3,160.0
471918,XICARA CAFE CER.65ML C/P       20074,B - UTILIDADES DOMESTICAS,Receita irrisoria + estoque parado,5120.6995,600.0
338835,"PORCEL.A 60X60 ESM.PIETRA SAB.2,15M2",C - PISOS E REVESTIMENTOS,Receita irrisoria + estoque parado,5122.199775000001,70.95
470162,GARFINHO PETISCO IX 06PC      210101,B - UTILIDADES DOMESTICAS,Receita irrisoria + estoque parado,5182.894499999999,270.0
426374,COND.SPLIT  9000 EVAP.HEFI09B  BR 87,D - ELETROS,Receita irrisoria + estoque parado,5187.525,7.0
428043,MESA LAT.0.60X0.67 MDF        PEROLA,O - MOVEIS,Receita irrisoria + estoque parado,5235.09,20.0
426288,"PORCEL.A 90X90ESM.HIGH L.N.INT1,61M2",C - PISOS E REVESTIMENTOS,Receita irrisoria + estoque parado,5318.9892,57.96
471289,XICARA CAFE CER.65ML C/P       20090,B - UTILIDADES DOMESTICAS,Receita irrisoria + estoque parado,5320.7595,516.0
168090,"REVEST.A 30X90 ANTARTIDA RT   1,07M2",C - PISOS E REVESTIMENTOS,Receita irrisoria + estoque parado,5341.5684,59.92
429486,TOM.MOD.TV                 LG060 POP,E - MATERIAIS ELETRICOS,Receita irrisoria + estoque parado,5357.205,299.0
279323,CANECA PLS 350ML             VM D110,B - UTILIDADES DOMESTICAS,Receita irrisoria + estoque parado,5398.68,759.0
464238,TOALHA RST VERONA            VD 3429,"K - CAMA, MESA E BANHO",Receita irrisoria + estoque parado,5407.8150000000005,327.0
464240,PISO JACQUARD LOFT 60X50 CAMURCA 854,"K - CAMA, MESA E BANHO",Receita irrisoria + estoque parado,5425.455,289.0
463868,MESA ESCR.1.35X0.75            BR/NT,O - MOVEIS,Receita irrisoria + estoque parado,5467.665,7.0
261595,FILTRO REFIL CHUVEIRO PLS KDF   0007,U - METAIS E ACESSORIOS,Receita irrisoria + estoque parado,5528.67,36.0
416510,DESCANSO PRATO/PAN.SILIC QUAD VM 485,B - UTILIDADES DOMESTICAS,Receita irrisoria + estoque parado,5546.1735,348.0
340105,GRELHA PLS RED.ESGO.BR 150    101150,H - TUBOS E CONEXOES,Receita irrisoria + estoque parado,5549.355,339.0
445903,CONECTOR RETO P/TRILHO   BR    18622,I - ILUMINACAO,Receita irrisoria + estoque parado,5581.38,364.0
421980,PRATO SMES.PORC.23CM SOLEIL B. 89841,B - UTILIDADES DOMESTICAS,Receita irrisoria + estoque parado,5581.905000000001,149.0
472395,XICARA CAFE PORC.65ML C/P 6PC  20086,B - UTILIDADES DOMESTICAS,Receita irrisoria + estoque parado,5591.04,112.0
451069,CANECA PLS 350ML            CH D 110,B - UTILIDADES DOMESTICAS,Receita irrisoria + estoque parado,5622.067500000001,778.0
445715,PRATO SMES.CER.19CM MEDITERR. 102959,B - UTILIDADES DOMESTICAS,Receita irrisoria + estoque parado,5631.423,311.0
384787,"CER.A 60X60 LONDINIA       P4 2,50M2",C - PISOS E REVESTIMENTOS,Receita irrisoria + estoque parado,5635.087500000001,157.5
468638,BOMBA VACUO P/VINHO          VIN-006,B - UTILIDADES DOMESTICAS,Receita irrisoria + estoque parado,5644.0650000000005,137.0
471282,XICARA CAFE CER.65ML C/P 6PC   60935,B - UTILIDADES DOMESTICAS,Receita irrisoria + estoque parado,5661.705,119.0
437666,MODULO SAIDA FIO           LG20F POP,E - MATERIAIS ELETRICOS,Receita irrisoria + estoque parado,5748.8025,1302.0
472421,XICARA CAFE PORC.65ML C/P 6PC  20080,B - UTILIDADES DOMESTICAS,Receita irrisoria + estoque parado,5750.115000000001,137.0
367856,FACA CHURRASCO PLENUS 5  PT 23421105,B - UTILIDADES DOMESTICAS,Receita irrisoria + estoque parado,5752.635,295.0
384901,"PORCEL.A 60X60 ESM.CEMENT.GRI.2,15M2",C - PISOS E REVESTIMENTOS,Receita irrisoria + estoque parado,5758.182675,113.95
425811,COND.SPLIT  9000 EVAP. 42TFCA09S5 81,D - ELETROS,Receita irrisoria + estoque parado,5784.765,11.0
445583,TACA VINHO CRIST.350ML 6PC     35323,B - UTILIDADES DOMESTICAS,Receita irrisoria + estoque parado,5847.45,28.0
446697,BALCAO COZ. MDF CANTO FRJ/GRF 500341,O - MOVEIS,Receita irrisoria + estoque parado,5993.4,11.0
459234,PORTA-ESCOVA                CZ 16842,U - METAIS E ACESSORIOS,Receita irrisoria + estoque parado,6019.4400000000005,113.0
460486,COND.SPLIT 9000 EVAP  42TFQA Q/F 132,D - ELETROS,Receita irrisoria + estoque parado,6024.4695,9.0
432430,ARMARIO AEREO 0.80 1P  OFW3600001597,O - MOVEIS,Receita irrisoria + estoque parado,6173.58,30.0
61246,P.DETERGENTE PLS              BR 651,B - UTILIDADES DOMESTICAS,Receita irrisoria + estoque parado,6276.6900000000005,880.0
449384,ARMARIO AEREO 0.80 2P OFW3600001598,O - MOVEIS,Receita irrisoria + estoque parado,6279.0,21.0
472196,PRATO FUND.CER.21CM           061376,B - UTILIDADES DOMESTICAS,Receita irrisoria + estoque parado,6285.41025,642.0
421215,PANELEIRO 80CM 3P/1G       OFW001318,O - MOVEIS,Receita irrisoria + estoque parado,6298.425000000001,6.0
402795,XICARA CHA PORC.C/P SERENE ED02-4677,B - UTILIDADES DOMESTICAS,Receita irrisoria + estoque parado,6305.67,166.0
440179,JARRA VID.1.3L                 35637,B - UTILIDADES DOMESTICAS,Receita irrisoria + estoque parado,6313.030500000001,71.0
426271,"REVEST.A 30X90 WHITE HIGHW.MAT1,07M2",C - PISOS E REVESTIMENTOS,Receita irrisoria + estoque parado,6326.765550000001,56.71000000000001
444397,LIQUID.12V 1000W      LIQ415 BR M220,D - ELETROS,Receita irrisoria + estoque parado,6358.17,41.0
454789,ESCOVA SECADORA 1200W ES-04 VM  M127,D - ELETROS,Receita irrisoria + estoque parado,6403.635,33.0
403810,XICARA CHA CER.C/P GRECIA  AE04-5108,B - UTILIDADES DOMESTICAS,Receita irrisoria + estoque parado,6437.34,242.0
464243,PISO JACQUARD LOFT 60X50      VD 479,"K - CAMA, MESA E BANHO",Receita irrisoria + estoque parado,6525.12,346.0
246706,PORTA-LAMP.FLUO.ANTIVIB.          88,I - ILUMINACAO,Receita irrisoria + estoque parado,6545.595,592.0
433274,COLHER MESA (AV) ELEMENTOS BR 101111,B - UTILIDADES DOMESTICAS,Receita irrisoria + estoque parado,6554.961000000001,1360.0
351416,PRATO RASO CER.26CM S.LUIS J084-6779,B - UTILIDADES DOMESTICAS,Receita irrisoria + estoque parado,6566.175,215.0
399361,SUPORTE TACA SUSPENSO FIXO   BR 0004,B - UTILIDADES DOMESTICAS,Receita irrisoria + estoque parado,6611.430000000001,94.0
392398,PRATO SMES.CER.20CM L.CARRETA   6788,B - UTILIDADES DOMESTICAS,Receita irrisoria + estoque parado,6619.62,286.0
465256,TOALHA MESA 078X078 LUNA       26998,"K - CAMA, MESA E BANHO",Receita irrisoria + estoque parado,6620.5650000000005,187.0
30414,UNIAO CPVC                      28MM,H - TUBOS E CONEXOES,Receita irrisoria + estoque parado,6640.515,283.0
461653,MODULO CEGO 1S              LG000 BR,E - MATERIAIS ELETRICOS,Receita irrisoria + estoque parado,6684.9195,1136.0
351418,PRATO SMES.CER.20CM S.LUIS J069-6779,B - UTILIDADES DOMESTICAS,Receita irrisoria + estoque parado,6692.385,295.0
319872,RESIST.SQUA/QUAD/POLO 7700W 028 M220,U - METAIS E ACESSORIOS,Receita irrisoria + estoque parado,6702.675,145.0
464235,TOALHA RST VERONA             GF 350,"K - CAMA, MESA E BANHO",Receita irrisoria + estoque parado,6703.515,397.0
304277,PROLONGADOR P/ DUCHA HYDRA   516 3/4,J - JARDINAGEM,Receita irrisoria + estoque parado,6712.86,528.0
435142,GUARDANAPO TEC.GOURMET PETALA3678408,B - UTILIDADES DOMESTICAS,Receita irrisoria + estoque parado,6716.382750000001,466.0
468832,ESPATULA SILIC.27CM PANTONE AZ 15019,B - UTILIDADES DOMESTICAS,Receita irrisoria + estoque parado,6723.57,316.0
429475,INT.INTERM.CJ.1I  10A   LGX020IN POP,E - MATERIAIS ELETRICOS,Receita irrisoria + estoque parado,6748.14,182.0
462419,DISPOSIT.SURTO ELET.2P+T 4X2 20A  PT,E - MATERIAIS ELETRICOS,Receita irrisoria + estoque parado,6790.56,238.0
301244,RESIST.SPOT           6800W 249 M220,U - METAIS E ACESSORIOS,Receita irrisoria + estoque parado,6792.974999999999,165.0
118126,ASSADEIRA REFRAT.02PC RETANG.   1512,B - UTILIDADES DOMESTICAS,Receita irrisoria + estoque parado,6799.4115,67.0
177360,TUBO P/VALVULA DESCARGA           BR,H - TUBOS E CONEXOES,Receita irrisoria + estoque parado,6863.668000000001,885.0
459668,FORMA FRITAR OVO SILIC. CORACAO H337,B - UTILIDADES DOMESTICAS,Receita irrisoria + estoque parado,6866.223,815.0
458453,LUSTRE PLS.SIDES AM 1LP    140270000,I - ILUMINACAO,Receita irrisoria + estoque parado,6911.1,275.0
94491,INT.PAR.CJ.1P 10AVERT.611101 PLUS,E - MATERIAIS ELETRICOS,Receita irrisoria + estoque parado,6918.135,181.0
444045,"PORCEL.C 120X120 ESM.PLACE AC 1,44M2",C - PISOS E REVESTIMENTOS,Receita irrisoria + estoque parado,6973.9488,60.48
397593,PRATO FUND.PORC.21CM BLANC  EB024787,B - UTILIDADES DOMESTICAS,Receita irrisoria + estoque parado,7004.235000000001,193.0
419256,"PORCEL.A 59X59 ESM.BETON WH AC1,74M2",C - PISOS E REVESTIMENTOS,Receita irrisoria + estoque parado,7011.03942,102.66
347667,COND.JANEL  7500 MIDEA QCI075BB M220,D - ELETROS,Receita irrisoria + estoque parado,7065.135,4.0
445737,PRATO RASO PORC.28CM BLACK    003771,B - UTILIDADES DOMESTICAS,Receita irrisoria + estoque parado,7179.06,228.0
460518,PORTA-SACHE VID.6CM             1175,B - UTILIDADES DOMESTICAS,Receita irrisoria + estoque parado,7187.5650000000005,497.0
457920,POTE VID.1L RED.C/T            SUGAR,B - UTILIDADES DOMESTICAS,Receita irrisoria + estoque parado,7207.83,294.0
378098,APOIO COLHER PLS            CZ 10563,B - UTILIDADES DOMESTICAS,Receita irrisoria + estoque parado,7236.558,461.0
416388,ESPREM.BATATA IX              CK2029,B - UTILIDADES DOMESTICAS,Receita irrisoria + estoque parado,7264.425,366.0
445755,PRATO SMES.PORC.21CM PAPAYA   101711,B - UTILIDADES DOMESTICAS,Receita irrisoria + estoque parado,7268.31,288.0
312825,RODATETO BR 50X26MM              441,C - PISOS E REVESTIMENTOS,Receita irrisoria + estoque parado,7268.625000000001,95.0
373769,"REVEST.A 10X20 ARPEGE BLANC   0,15M2",C - PISOS E REVESTIMENTOS,Receita irrisoria + estoque parado,7277.492249999999,31.2
386111,PAINEL LED EMB/SOB 12W BR QD.BR MBIV,I - ILUMINACAO,Receita irrisoria + estoque parado,7348.32,146.0
298479,BACIA SNT.AZALEA PLUS      9130 PG59,W - LOUCAS E PIAS,Receita irrisoria + estoque parado,7360.29,15.0
463738,CAPACETE  P/MOT. RAZOR SHA. PT/VM 56,A - AUTOMOTIVO,Receita irrisoria + estoque parado,7381.71,19.0
460149,FONDUE PORC.CHOC/QUEIJO 04PC   17902,B - UTILIDADES DOMESTICAS,Receita irrisoria + estoque parado,7388.808000000001,114.0
460257,TACA AGUA/VINHO CRISTAL.500ML   2845,B - UTILIDADES DOMESTICAS,Receita irrisoria + estoque parado,7397.46,188.0
388537,PORTA MAD.LISA 090X210WENGUE PREMIUM,"G - PORTAS, JANELAS E FECHADURAS",Receita irrisoria + estoque parado,7433.265,18.0
220211,SILICONE ACETICO ALTA TEMP.VM    50G,S - TINTAS E QUIMICOS,Receita irrisoria + estoque parado,7450.3275,487.0
446578,ADUBO ORG.  1KG             04.14.08,J - JARDINAGEM,Receita irrisoria + estoque parado,7469.973,324.0
464207,TOALHA BNH ATENAS            PT 1000,"K - CAMA, MESA E BANHO",Receita irrisoria + estoque parado,7532.280000000001,194.0
459654,FORMA CONCHA SILIC.21CM   MR   YH111,B - UTILIDADES DOMESTICAS,Receita irrisoria + estoque parado,7554.96,879.0
12901,TUBO COBR HIDR.CLAS.E 5M 22MM 1.80KG,H - TUBOS E CONEXOES,Receita irrisoria + estoque parado,7569.030000000001,18.0
462836,DISJ.UNIP.C DIN  06A       GII-C006A,E - MATERIAIS ELETRICOS,Receita irrisoria + estoque parado,7582.679999999999,691.0
431662,"PORCEL.A 60X60 EBR.MISSOURI GR2,15M2",C - PISOS E REVESTIMENTOS,Receita irrisoria + estoque parado,7586.4642,144.05
467869,PISO FELPUDO  48X70          AM 1459,"K - CAMA, MESA E BANHO",Receita irrisoria + estoque parado,7618.485,213.0
421706,"REVEST.A 37X74 MP37090     RT 1,92M2",C - PISOS E REVESTIMENTOS,Receita irrisoria + estoque parado,7620.48,115.2
438745,PORTA-TRAVESSEIRO PERCAL 200FIOS  AM,"K - CAMA, MESA E BANHO",Receita irrisoria + estoque parado,7637.175,255.0
371605,P.SABONETE PLS. 400ML     CZ PSB 725,U - METAIS E ACESSORIOS,Receita irrisoria + estoque parado,7639.695000000001,121.0
468728,TABUA FRIOS 2PC QUEIJO      JGQJ-011,B - UTILIDADES DOMESTICAS,Receita irrisoria + estoque parado,7665.3885,248.0
438788,"REVEST.A 10X20 BRK20130       2,00M2",C - PISOS E REVESTIMENTOS,Receita irrisoria + estoque parado,7697.340000000001,132.0
375159,PRATO RASO CER.26CM PIZZA AZ 6096802,B - UTILIDADES DOMESTICAS,Receita irrisoria + estoque parado,7720.765499999999,272.0
359948,REMOVEDOR LIMP.PORCELAN. 500ML 11060,B - UTILIDADES DOMESTICAS,Receita irrisoria + estoque parado,7764.434999999999,313.0
406960,PRATELEIRA P/QUADRO MDF 45CM 187  BR,O - MOVEIS,Receita irrisoria + estoque parado,7792.89,217.0
440828,ABRACAD.PLS ELET.       1/2  TMC  PT,E - MATERIAIS ELETRICOS,Receita irrisoria + estoque parado,7819.14,5880.0
464863,UTENSILIOS BANH.VID.2PC     PT 24448,U - METAIS E ACESSORIOS,Receita irrisoria + estoque parado,7854.105,89.0
433280,GARFO MESA (AV) ELEMENTOS  BR 201111,B - UTILIDADES DOMESTICAS,Receita irrisoria + estoque parado,7872.427500000001,1615.0
92244,SUPORTE REFRIGER./FOGAO METAL 431020,D - ELETROS,Receita irrisoria + estoque parado,7884.66,168.0
381372,CUBA LOC.SOB/EMB.RED.36CM DIAM  BR01,W - LOUCAS E PIAS,Receita irrisoria + estoque parado,7887.075,40.0
225465,CHAVE FEN. RELOJOEIRO JG06      9528,F - FERRAMENTAS,Receita irrisoria + estoque parado,7952.91,228.0
471287,XICARA CAFE CER.65ML C/P       90806,B - UTILIDADES DOMESTICAS,Receita irrisoria + estoque parado,7964.88,882.0
471607,SABONET.BANC.CER.RED.       TC 19TRC,U - METAIS E ACESSORIOS,Receita irrisoria + estoque parado,8037.855,179.0
