CODIGO,correlacao_preco_volume,n_obs,DESCRICAO,NIVEL_1,receita_total,tipo_recomendacao
260322,-0.7465106673250934,48.0,"TINT.ESM.DIAL.B.AGUA BR 3,6L   PRETO",S - TINTAS E QUIMICOS,71684.71800000001,Avaliar reducao de preco (demanda sensivel a preco)
260321,-0.7348802509236826,51.0,"TINT.ESM.DIAL.B.AGUA BR 3,6L PLATINA",S - TINTAS E QUIMICOS,73078.53,Avaliar reducao de preco (demanda sensivel a preco)
488930,-0.6974985161050322,27.0,FERRO PASSAR SEC.  HD1172/82 CZ M127,D - ELETROS,51312.261,Avaliar reducao de preco (demanda sensivel a preco)
260323,-0.6962837971946155,63.0,"TINT.ESM.DIAL.B.AGUA BR 3,6L  TABACO",S - TINTAS E QUIMICOS,102999.792,Avaliar reducao de preco (demanda sensivel a preco)
166393,-0.6548175277541837,70.0,MARTELETE ROT/ROMP. 800W  HR2470 110,F - FERRAMENTAS,1679201.4715,Avaliar reducao de preco (demanda sensivel a preco)
432628,-0.6441808887228663,18.0,"FRITAD.ELET 4,2L ULTRA TOUCH MF M220",D - ELETROS,246973.064656695,Avaliar reducao de preco (demanda sensivel a preco)
453474,-0.6438868677908003,95.0,FILTRO LINHA  5TOM    DPS TP10A MBIV,E - MATERIAIS ELETRICOS,104236.5975,Avaliar reducao de preco (demanda sensivel a preco)
260273,-0.64155740119592,124.0,"TINT.ESM.DIAL.B.AGUA BR 0,9L   PRETO",S - TINTAS E QUIMICOS,87464.6535,Avaliar reducao de preco (demanda sensivel a preco)
488473,-0.6269419738984483,25.0,RACK TV 1.40X0.58 PALADIO         BR,O - MOVEIS,76092.135,Avaliar reducao de preco (demanda sensivel a preco)
474294,-0.624186337006229,89.0,TRILHO LED KIT 3 SPOT NE  5W PT MBIV,I - ILUMINACAO,163972.0845,Avaliar reducao de preco (demanda sensivel a preco)
467656,-0.6079728809471093,124.0,AP.JANTAR CER.12PC MANDALA    137393,B - UTILIDADES DOMESTICAS,301410.3967875,Avaliar reducao de preco (demanda sensivel a preco)
473252,-0.6046481611329697,88.0,PETISQUEIRA BAMBU C/ 7DIV.      6088,B - UTILIDADES DOMESTICAS,46320.68,Avaliar reducao de preco (demanda sensivel a preco)
466585,-0.6019572774515407,136.0,COLCHA QUEEN+P.TRAV 3PC PARIS SORT16,"K - CAMA, MESA E BANHO",111357.26,Avaliar reducao de preco (demanda sensivel a preco)
479998,-0.6009791386719472,115.0,FRIGIDEIRA ANTIAD.02PC     VM 025336,B - UTILIDADES DOMESTICAS,47994.051,Avaliar reducao de preco (demanda sensivel a preco)
427734,-0.6005353279017961,102.0,PLAFON LED RED. MILAO   BR  18W MBIV,I - ILUMINACAO,220193.3615,Avaliar reducao de preco (demanda sensivel a preco)
469814,-0.5962370501841908,47.0,"MOTOSERRA GAS.2,0KW MS230 S40CM 5076",M - MAQUINAS E MOTORES,169274.238,Avaliar reducao de preco (demanda sensivel a preco)
102242,-0.5916514107942498,89.0,RESIST.DUCH.GOR.4T  5700W       M220,U - METAIS E ACESSORIOS,77391.825,Avaliar reducao de preco (demanda sensivel a preco)
466584,-0.5877300713317023,121.0,COLCHA CASAL+P.TRAV 3PC PARIS SORT16,"K - CAMA, MESA E BANHO",94525.956,Avaliar reducao de preco (demanda sensivel a preco)
300807,-0.5827154807391701,49.0,DUCHA OPTIMA          5500W 548 M127,U - METAIS E ACESSORIOS,478103.33435677056,Avaliar reducao de preco (demanda sensivel a preco)
460477,-0.5824943730424592,44.0,RODAPE CLA.10CM    FRIS/BR 2.40ML/UN,C - PISOS E REVESTIMENTOS,61534.83,Avaliar reducao de preco (demanda sensivel a preco)
465695,-0.5724591125943924,194.0,PAPELEIRA SUSPENSA 2ROLOS CR    0200,U - METAIS E ACESSORIOS,237509.47643939397,Avaliar reducao de preco (demanda sensivel a preco)
487031,-0.5690122407697935,96.0,COLCHA CASAL+P.TRAV 3PC PARIS SORT22,"K - CAMA, MESA E BANHO",251924.246875,Avaliar reducao de preco (demanda sensivel a preco)
470029,-0.5664082095945795,112.0,GARRAFA TERM.1L ROLHA    MR 25100546,B - UTILIDADES DOMESTICAS,53808.93,Avaliar reducao de preco (demanda sensivel a preco)
463479,-0.5632502404695776,161.0,CAIXA TERMICA PLS 28.0L VD/MR 072825,"L - INFANTIL, LAZER E PETS",134932.56,Avaliar reducao de preco (demanda sensivel a preco)
399348,-0.5628596624237318,204.0,ORGANIZADOR 32X20 P/ARMARIO     0075,B - UTILIDADES DOMESTICAS,205235.2575,Avaliar reducao de preco (demanda sensivel a preco)
419818,-0.5612784145379727,53.0,TORNEIRA PIA COZ. HYDRAMOT. 1167  CZ,U - METAIS E ACESSORIOS,157822.94964545456,Avaliar reducao de preco (demanda sensivel a preco)
249011,-0.5593823343745518,81.0,FECH.IN RM IXE 882/90         VICTO.,"G - PORTAS, JANELAS E FECHADURAS",134345.631,Avaliar reducao de preco (demanda sensivel a preco)
399351,-0.5584902103014588,199.0,ORGANIZADOR 22X20 P/ARMARIO     0076,B - UTILIDADES DOMESTICAS,95449.13,Avaliar reducao de preco (demanda sensivel a preco)
249013,-0.5584604010568023,61.0,FECH.WC RM IXE 882/90         VICTO.,"G - PORTAS, JANELAS E FECHADURAS",109404.183,Avaliar reducao de preco (demanda sensivel a preco)
479999,-0.5582251121565981,85.0,FRIGIDEIRA ANTIAD.03PC     VM 025337,B - UTILIDADES DOMESTICAS,76950.678,Avaliar reducao de preco (demanda sensivel a preco)
419820,-0.5558642181243003,57.0,TORNEIRA PIA PARE.PT HYDRAMOTION1168,U - METAIS E ACESSORIOS,464862.8120175439,Avaliar reducao de preco (demanda sensivel a preco)
433919,-0.5552316540793542,122.0,AP.JANTAR CER.16PC LOUROS     107403,B - UTILIDADES DOMESTICAS,295782.0345,Avaliar reducao de preco (demanda sensivel a preco)
469886,-0.5548627278499457,114.0,CORTINA 420X250 HAVINI         AR 01,V - DECORACAO,155166.9,Avaliar reducao de preco (demanda sensivel a preco)
488929,-0.5532617512419225,66.0,FERRO PASSAR SEC.  HD1172/80 CZ M220,D - ELETROS,226688.41480105635,Avaliar reducao de preco (demanda sensivel a preco)
403647,-0.5531470457535367,117.0,PANELA PRESSAO ANTIAD.4.5L   CZ 6776,B - UTILIDADES DOMESTICAS,580358.10051256,Avaliar reducao de preco (demanda sensivel a preco)
408802,-0.5530640156981449,199.0,ORGANIZADOR 22X20 P/ARMARIO    0080,B - UTILIDADES DOMESTICAS,52448.445,Avaliar reducao de preco (demanda sensivel a preco)
423167,-0.5494464593258048,32.0,FRITAD.ELET.3.5L  FAMILY   AF30 M127,D - ELETROS,111575.55675,Avaliar reducao de preco (demanda sensivel a preco)
417899,-0.5486352776172954,199.0,PAPELEIRA SUSPENSA 2ROLOS PT    0076,U - METAIS E ACESSORIOS,373685.2623863637,Avaliar reducao de preco (demanda sensivel a preco)
435656,-0.5404244469330924,58.0,"REVEST.A 32,5X59 ESTRELA BR AC1,53M2",C - PISOS E REVESTIMENTOS,118723.78791,Avaliar reducao de preco (demanda sensivel a preco)
467654,-0.5404145962998503,143.0,AP.JANTAR CER.12PC GRECIA     137391,B - UTILIDADES DOMESTICAS,299544.64050000004,Avaliar reducao de preco (demanda sensivel a preco)
249010,-0.540011369942239,96.0,FECH.EX RM IXE 882/90         VICTO.,"G - PORTAS, JANELAS E FECHADURAS",194329.968,Avaliar reducao de preco (demanda sensivel a preco)
445896,-0.5359037677681686,69.0,TRILHO LED KIT 3 SPOT NE  9W PT MBIV,I - ILUMINACAO,97457.115,Avaliar reducao de preco (demanda sensivel a preco)
399326,-0.5346201909485069,210.0,SUPORTE XICARA CAFE          BR 0077,B - UTILIDADES DOMESTICAS,102728.99,Avaliar reducao de preco (demanda sensivel a preco)
462856,-0.5303238376617476,188.0,DISPOSIT.PROTECAO DR2P      40A/30MA,E - MATERIAIS ELETRICOS,589532.755,Avaliar reducao de preco (demanda sensivel a preco)
479890,-0.528847122241432,109.0,FAQUEIRO IX 36PC PACIFIC    66962934,B - UTILIDADES DOMESTICAS,221629.8735,Avaliar reducao de preco (demanda sensivel a preco)
367905,-0.5288330725281872,186.0,COOKTOP 5B GAS VID.     6985 PT MBIV,D - ELETROS,831813.6015,Avaliar reducao de preco (demanda sensivel a preco)
419816,-0.5271854968384241,75.0,TORNEIRA PIA COZ. HYDRAMOT. 1167  VM,U - METAIS E ACESSORIOS,80220.0,Avaliar reducao de preco (demanda sensivel a preco)
466583,-0.5231141949216392,108.0,COLCHA SOLTE+P.TRAV 2PC PARIS SORT16,"K - CAMA, MESA E BANHO",49637.07,Avaliar reducao de preco (demanda sensivel a preco)
461592,-0.5210342907059378,107.0,BISTEQUEIRA AL/CER.28CM  PT 4813/353,B - UTILIDADES DOMESTICAS,75328.89,Avaliar reducao de preco (demanda sensivel a preco)
464322,-0.519151932567108,109.0,PANELA JG ANTIAD.07PC    TC 7135/400,B - UTILIDADES DOMESTICAS,185957.4675,Avaliar reducao de preco (demanda sensivel a preco)
474293,-0.5165020296117009,128.0,TRILHO LED KIT 3 SPOT NE  5W BR MBIV,I - ILUMINACAO,194118.036,Avaliar reducao de preco (demanda sensivel a preco)
431542,-0.5128643714457208,102.0,BANCO MDF 1.30 AURORA          NT/PT,O - MOVEIS,97409.41875,Avaliar reducao de preco (demanda sensivel a preco)
468900,-0.5126193567062673,114.0,TOALHA BNH LUMINA    EUCALIPTO 40239,"K - CAMA, MESA E BANHO",101250.88,Avaliar reducao de preco (demanda sensivel a preco)
429647,-0.511700791446005,39.0,PASSAD.VERT.VAPOR  GCSTES100 PT M127,D - ELETROS,52705.7055,Avaliar reducao de preco (demanda sensivel a preco)
467615,-0.5078423117070333,76.0,AP.JANTAR PORC.20PC NATUR     990100,B - UTILIDADES DOMESTICAS,129854.928,Avaliar reducao de preco (demanda sensivel a preco)
483560,-0.5070371184647259,53.0,CORTINA 420X250 RUSTICA FEN   LNH/TT,V - DECORACAO,71602.96500000001,Avaliar reducao de preco (demanda sensivel a preco)
419817,-0.5070193198983918,53.0,TORNEIRA PIA COZ. HYDRAMOTION1167 PT,U - METAIS E ACESSORIOS,179905.75735576925,Avaliar reducao de preco (demanda sensivel a preco)
439683,-0.5069893984416225,153.0,ASSENTO SNT PLS OVAL UNIVERSAL    BR,U - METAIS E ACESSORIOS,628538.3457198434,Avaliar reducao de preco (demanda sensivel a preco)
410914,-0.5064776556123688,197.0,ORGANIZADOR 32X20 P/ARMARIO     0022,B - UTILIDADES DOMESTICAS,100621.92,Avaliar reducao de preco (demanda sensivel a preco)
453196,-0.5056861536482178,52.0,ADEGA 0.90X0.80 6 GARRAFAS       OFF,O - MOVEIS,61930.785,Avaliar reducao de preco (demanda sensivel a preco)
399366,-0.5017778675827307,202.0,PAPELEIRA SUSPENSA 2ROLOS BR    0077,U - METAIS E ACESSORIOS,419116.1937542122,Avaliar reducao de preco (demanda sensivel a preco)
429408,-0.4968844952716905,104.0,FRIGIDEIRA ANTIAD.22CM FRANCESA 5180,B - UTILIDADES DOMESTICAS,50658.5415,Avaliar reducao de preco (demanda sensivel a preco)
457699,-0.4962819686288171,90.0,TOALHA BNH LUMINA IVORY/MR   3674976,"K - CAMA, MESA E BANHO",52851.12,Avaliar reducao de preco (demanda sensivel a preco)
419718,-0.4961099992307347,55.0,FORNO MICR.34L 1500W MEO44   BR M220,D - ELETROS,304538.24100000004,Avaliar reducao de preco (demanda sensivel a preco)
429459,-0.4945888914556254,207.0,INT.SPL CJ.1S 10A         LGZ010 POP,E - MATERIAIS ELETRICOS,502701.8486448341,Avaliar reducao de preco (demanda sensivel a preco)
463432,-0.4901972016741263,153.0,CUSCUZEIRA ANTIAD.16CM      VM 13185,B - UTILIDADES DOMESTICAS,300813.80700000003,Avaliar reducao de preco (demanda sensivel a preco)
460475,-0.4893654382818137,72.0,RODAPE CLA.10CM    LISO/BR 2.40ML/UN,C - PISOS E REVESTIMENTOS,120319.92,Avaliar reducao de preco (demanda sensivel a preco)
410926,-0.4892200605960278,203.0,SUPORTE XICARA CAFE          PT 0088,B - UTILIDADES DOMESTICAS,65375.310000000005,Avaliar reducao de preco (demanda sensivel a preco)
304374,-0.4876433107010495,57.0,CABIDE CR C33             POLO  2060,U - METAIS E ACESSORIOS,45078.915,Avaliar reducao de preco (demanda sensivel a preco)
480278,-0.4876035066747861,49.0,COND.SPLIT 12000 COND.GWC12  INV.182,D - ELETROS,2556840.946785911,Avaliar reducao de preco (demanda sensivel a preco)
444979,-0.4868813222525978,130.0,TOALHA PRAIA 80X160 IBIZA BR/AZ 1450,"K - CAMA, MESA E BANHO",112657.146,Avaliar reducao de preco (demanda sensivel a preco)
481381,-0.4856129019520919,126.0,ARAND.LED SOB. SIERRA  4W BR AM MBIV,I - ILUMINACAO,115653.72,Avaliar reducao de preco (demanda sensivel a preco)
429455,-0.4831151009650737,202.0,TOM.CJ.1T 2P+T 10A        LGX030 POP,E - MATERIAIS ELETRICOS,1299370.493865492,Avaliar reducao de preco (demanda sensivel a preco)
346310,-0.4830541399588358,53.0,ASPIRADOR PO/LIQ.PROF.GTW IX 20L 220,M - MAQUINAS E MOTORES,129112.62,Avaliar reducao de preco (demanda sensivel a preco)
467657,-0.4829343391703369,120.0,AP.JANTAR CER.12PC COLB    PT 137404,B - UTILIDADES DOMESTICAS,287221.484375,Avaliar reducao de preco (demanda sensivel a preco)
480557,-0.4816572477930387,42.0,COND.SPLIT 18000 COND.GWC18  INV.185,D - ELETROS,979561.3005863636,Avaliar reducao de preco (demanda sensivel a preco)
263337,-0.4814740079252144,35.0,"LIQUID.INDL 4,0L 1/2HP  LS04MBN M220",N - INDUSTRIAL E NEGOCIOS,69778.8,Avaliar reducao de preco (demanda sensivel a preco)
480556,-0.4787679272528979,42.0,COND.SPLIT 18000 EVAP.GWC18  INV.185,D - ELETROS,527417.6073318182,Avaliar reducao de preco (demanda sensivel a preco)
392069,-0.477531384319377,138.0,ESCORREDOR PRATO PLS        CZ 10848,B - UTILIDADES DOMESTICAS,120762.243,Avaliar reducao de preco (demanda sensivel a preco)
457489,-0.4761988159438438,214.0,LAMP.LED  BULBO  T60 20W BR E27 MBIV,I - ILUMINACAO,503423.8394810212,Avaliar reducao de preco (demanda sensivel a preco)
471467,-0.4760992622398899,120.0,PANELA JG ANTIAD.5PC   CZ 9295306577,B - UTILIDADES DOMESTICAS,783009.9515000001,Avaliar reducao de preco (demanda sensivel a preco)
434954,-0.4759480194511347,116.0,TOALHA BNH LUMINA AR/MR      3675000,"K - CAMA, MESA E BANHO",91736.37333333334,Avaliar reducao de preco (demanda sensivel a preco)
458945,-0.4758790938476657,189.0,LENCOL JG SOLTE ESTAMPADOS     SORT.,"K - CAMA, MESA E BANHO",201396.8915,Avaliar reducao de preco (demanda sensivel a preco)
419435,-0.4757767568606361,188.0,ARAND.LED PLS.   BR 3W QD   AM 18547,I - ILUMINACAO,218175.125,Avaliar reducao de preco (demanda sensivel a preco)
432048,-0.4755169690161009,213.0,MASSA CORRIDA PVA CORAL PLS     25KG,S - TINTAS E QUIMICOS,9903877.89379334,Avaliar reducao de preco (demanda sensivel a preco)
149992,-0.4747313845600028,207.0,MARTELETE ROT/ROMP. 800W  HR2470 220,F - FERRAMENTAS,2440676.056,Avaliar reducao de preco (demanda sensivel a preco)
423168,-0.4738636297574358,80.0,FRITAD.ELET.3.5L  FAMILY   AF30 M220,D - ELETROS,380828.049,Avaliar reducao de preco (demanda sensivel a preco)
451504,-0.4732919086522315,136.0,MESA SALA 1.30X0.78 AURORA    NT/OFF,O - MOVEIS,356474.181,Avaliar reducao de preco (demanda sensivel a preco)
448186,-0.4731934985500458,184.0,TV LED 32 HD SMT      UN32T4300AGXZD,R - ELETRONICOS,4135259.912225882,Avaliar reducao de preco (demanda sensivel a preco)
447868,-0.4728615675205447,100.0,PRATO RASO PORC.28CM    PEIXES 80000,B - UTILIDADES DOMESTICAS,162292.33165128206,Avaliar reducao de preco (demanda sensivel a preco)
486785,-0.4712403420382079,110.0,LENCOL JG QUEEN MICROTEC      SORT 6,"K - CAMA, MESA E BANHO",124553.4885,Avaliar reducao de preco (demanda sensivel a preco)
127312,-0.4708207094835852,196.0,PANELA PRESSAO POL.4.5L  9295304948,B - UTILIDADES DOMESTICAS,255622.892,Avaliar reducao de preco (demanda sensivel a preco)
444980,-0.470391689393862,135.0,TOALHA PRAIA 80X160 IBIZA BR/AZ 1460,"K - CAMA, MESA E BANHO",199330.005,Avaliar reducao de preco (demanda sensivel a preco)
451698,-0.4697428982713466,203.0,"TINT.EMBORRACHADA PLS   3,6L BR.NEVE",S - TINTAS E QUIMICOS,260102.9865,Avaliar reducao de preco (demanda sensivel a preco)
382849,-0.469341122853058,189.0,DUCHA HIGI.C/DERIV.LIKE           CR,U - METAIS E ACESSORIOS,1558613.9814,Avaliar reducao de preco (demanda sensivel a preco)
457700,-0.4680308035835496,127.0,TOALHA BNH LUMINA PT/CZ      3675132,"K - CAMA, MESA E BANHO",80473.71500000001,Avaliar reducao de preco (demanda sensivel a preco)
446296,-0.4650613754002271,33.0,"PORCEL.A 90X90 ESM.ARGOS AN.AC1,60M2",C - PISOS E REVESTIMENTOS,57190.7448,Avaliar reducao de preco (demanda sensivel a preco)
441981,-0.4626490725379961,178.0,LUSTRE LED 3EM1 45W   RS LP-02R 5183,I - ILUMINACAO,884293.7565,Avaliar reducao de preco (demanda sensivel a preco)
481418,-0.4625183689826326,71.0,PANELA JG ANTIAD.5PC   VM 9195306763,B - UTILIDADES DOMESTICAS,78228.29699999999,Avaliar reducao de preco (demanda sensivel a preco)
478104,-0.4624662341459634,157.0,TAPETE JG BANH. 2PC VIP CLASS   SORT,U - METAIS E ACESSORIOS,86218.986,Avaliar reducao de preco (demanda sensivel a preco)
462857,-0.4614085113302527,192.0,DISPOSIT.PROTECAO DR4P      40A/30MA,E - MATERIAIS ELETRICOS,173544.105,Avaliar reducao de preco (demanda sensivel a preco)
476717,-0.4600874330341545,115.0,TOALHA BNH VANILLA           RS 1665,"K - CAMA, MESA E BANHO",84115.60500000001,Avaliar reducao de preco (demanda sensivel a preco)
435360,-0.4583824772528729,35.0,BATERIA P/CARRO        HNP50GDD 50AH,A - AUTOMOTIVO,67676.65800000001,Avaliar reducao de preco (demanda sensivel a preco)
480277,-0.4557920040099127,49.0,COND.SPLIT 12000 EVAP.GWC12  INV.182,D - ELETROS,1364435.4374433446,Avaliar reducao de preco (demanda sensivel a preco)
408800,-0.4555844142699021,196.0,ORGANIZADOR 42X20 P/ARMARIO     0078,B - UTILIDADES DOMESTICAS,127673.21,Avaliar reducao de preco (demanda sensivel a preco)
458947,-0.4545624559980538,206.0,LENCOL JG QUEEN ESTAMPADOS     SORT.,"K - CAMA, MESA E BANHO",328579.44,Avaliar reducao de preco (demanda sensivel a preco)
468898,-0.4541529476483675,123.0,TOALHA BNH LUMINA          IVORY 112,"K - CAMA, MESA E BANHO",79641.1,Avaliar reducao de preco (demanda sensivel a preco)
466809,-0.4531462148326425,126.0,TOALHA PRAIA 80X150 FLOREST  LJ 5214,"K - CAMA, MESA E BANHO",43736.490000000005,Avaliar reducao de preco (demanda sensivel a preco)
300761,-0.4528232856734613,150.0,DUCHA OPTIMA          6800W 549 M220,U - METAIS E ACESSORIOS,782007.9231045455,Avaliar reducao de preco (demanda sensivel a preco)
470515,-0.4517312770900182,96.0,GARRAFA TERM.1L ROLHA    PT SR1091/1,B - UTILIDADES DOMESTICAS,54620.0725,Avaliar reducao de preco (demanda sensivel a preco)
435968,-0.4486443754917022,51.0,CORTINA 360X250 PRATIKA PARTENON  BR,V - DECORACAO,57479.11050000001,Avaliar reducao de preco (demanda sensivel a preco)
320338,-0.4474098224455142,84.0,SUQUEIRA CRISTAL 2.0L TORN/PE   3793,B - UTILIDADES DOMESTICAS,76957.4085,Avaliar reducao de preco (demanda sensivel a preco)
445886,-0.4465857000582489,123.0,LUMI.LED PLS TARTARUGA BR 8W      NE,I - ILUMINACAO,44992.395,Avaliar reducao de preco (demanda sensivel a preco)
461285,-0.4445073836386321,37.0,FILTRO GABINETE E-DUE FREED. GF MBIV,D - ELETROS,74831.085,Avaliar reducao de preco (demanda sensivel a preco)
479558,-0.4444422726931121,55.0,"REVEST.A 45X90 RIPA MARM.NERO 2,00M2",C - PISOS E REVESTIMENTOS,63932.19,Avaliar reducao de preco (demanda sensivel a preco)
446034,-0.4439515614068699,149.0,FECH.DIG.SOB.                 FSP100,"G - PORTAS, JANELAS E FECHADURAS",825412.82425,Avaliar reducao de preco (demanda sensivel a preco)
317101,-0.4423253024334797,135.0,DUCHA HIGI.C18 GAT.ABS       CR 1850,U - METAIS E ACESSORIOS,1335682.7127485431,Avaliar reducao de preco (demanda sensivel a preco)
450067,-0.4421557538844768,74.0,CAFET.CAPS. G1     LOV BASIC VM 220V,D - ELETROS,365730.6345,Avaliar reducao de preco (demanda sensivel a preco)
276764,-0.4420720628244593,140.0,ESCORREDOR PRATO PLS        BR 10848,B - UTILIDADES DOMESTICAS,67431.2765,Avaliar reducao de preco (demanda sensivel a preco)
260256,-0.4409290715546999,55.0,"TINT.ESM.DIAL.B.AGUA BR 0,9L BR.NEVE",S - TINTAS E QUIMICOS,68543.3875,Avaliar reducao de preco (demanda sensivel a preco)
419437,-0.4401002510844103,186.0,ARAND.LED PLS.   PT 3W QD   AM 18549,I - ILUMINACAO,205932.09000000003,Avaliar reducao de preco (demanda sensivel a preco)
479092,-0.439252232813394,61.0,CORTINA 400X260 GARDENIA       BR/CZ,V - DECORACAO,57361.08,Avaliar reducao de preco (demanda sensivel a preco)
473195,-0.4389386497069235,125.0,PAINEL LED EMB. 18W BR QUAD.    MBIV,I - ILUMINACAO,574123.989303928,Avaliar reducao de preco (demanda sensivel a preco)
489215,-0.4382987997674578,19.0,"FRITAD.ELET.   3,2 ESSENTIAL PT M127",D - ELETROS,76239.352,Avaliar reducao de preco (demanda sensivel a preco)
311864,-0.4359024539095586,36.0,VENT.MES.20CM MINI CLIP BR 3254 M220,D - ELETROS,46623.15,Avaliar reducao de preco (demanda sensivel a preco)
470050,-0.4343476168804839,132.0,LUSTRE LED 35W NE       LP-201D 5629,I - ILUMINACAO,898885.7955,Avaliar reducao de preco (demanda sensivel a preco)
472052,-0.4332512908641754,131.0,TAPETE BANH.TEC.050X070 DALLAS SOT02,U - METAIS E ACESSORIOS,183543.15,Avaliar reducao de preco (demanda sensivel a preco)
166453,-0.4325062828397707,58.0,ESMERILHA.ANG 4.1/2 820W   G720 M127,F - FERRAMENTAS,299867.085,Avaliar reducao de preco (demanda sensivel a preco)
446333,-0.4323921401919714,151.0,BASE MONOC.CHUVEIRO BX/AL PRES 3/4CO,U - METAIS E ACESSORIOS,1121780.926,Avaliar reducao de preco (demanda sensivel a preco)
476716,-0.4305246089598568,113.0,TOALHA BNH VANILLA           VD 1171,"K - CAMA, MESA E BANHO",95713.97,Avaliar reducao de preco (demanda sensivel a preco)
466292,-0.428766524841348,92.0,VEDAFLEX MASTIQUE PU CZ         800G,S - TINTAS E QUIMICOS,172392.752,Avaliar reducao de preco (demanda sensivel a preco)
468884,-0.4287320036243386,98.0,ARMARIO AEREO 1.20 3P        FR/OFF,O - MOVEIS,268041.599,Avaliar reducao de preco (demanda sensivel a preco)
429637,-0.4285271594282178,105.0,PASSAD.VERT.VAPOR  GCSTES100 PT M220,D - ELETROS,211220.247,Avaliar reducao de preco (demanda sensivel a preco)
469884,-0.4270187403530388,117.0,CORTINA 420X250 HAVINI        BG 020,V - DECORACAO,247769.13,Avaliar reducao de preco (demanda sensivel a preco)
489214,-0.4261983581983855,41.0,"FRITAD.ELET.   3,5 ESSENTIAL PT M220",D - ELETROS,245447.10424514563,Avaliar reducao de preco (demanda sensivel a preco)
419777,-0.4247055309590899,110.0,TORNEIRA LAVA.MESA B.BAIX.  C77   PT,U - METAIS E ACESSORIOS,100780.05,Avaliar reducao de preco (demanda sensivel a preco)
489647,-0.4232299457492468,78.0,PANELA PRESSAO ANTIAD.4.5L   5306897,B - UTILIDADES DOMESTICAS,1261232.4525283212,Avaliar reducao de preco (demanda sensivel a preco)
446660,-0.4200278137822907,33.0,"PORCEL.A 60X120ESM.CALI.WH EXT1,44M2",C - PISOS E REVESTIMENTOS,92553.4512,Avaliar reducao de preco (demanda sensivel a preco)
399350,-0.4172909576649845,207.0,ORGANIZADOR 42X20 P/ARMARIO     0074,B - UTILIDADES DOMESTICAS,217768.8475,Avaliar reducao de preco (demanda sensivel a preco)
449065,-0.4147142894034107,130.0,PANELA PRESSAO ANTIAD.4.5L   GR 5481,B - UTILIDADES DOMESTICAS,653854.4180000001,Avaliar reducao de preco (demanda sensivel a preco)
477961,-0.4140064010028474,140.0,LUSTRE LED 3EM1 20W    ACR-003D 6058,I - ILUMINACAO,602573.5065,Avaliar reducao de preco (demanda sensivel a preco)
474538,-0.4130585150007264,130.0,TOALHA BNH JACQUARD TRENTO        TP,"K - CAMA, MESA E BANHO",81070.6995,Avaliar reducao de preco (demanda sensivel a preco)
467130,-0.4127511318809894,144.0,FACA JG 5PC CROSS        PT 2556/316,B - UTILIDADES DOMESTICAS,92427.867,Avaliar reducao de preco (demanda sensivel a preco)
458946,-0.4110628753041547,210.0,LENCOL JG CASAL ESTAMPADOS     SORT.,"K - CAMA, MESA E BANHO",316999.62000000005,Avaliar reducao de preco (demanda sensivel a preco)
263317,-0.4108911734511925,64.0,"TINT.ESM.DIAL.B.AGUA AC 0,9L BR.NEVE",S - TINTAS E QUIMICOS,109659.145,Avaliar reducao de preco (demanda sensivel a preco)
410730,-0.4078631039266556,207.0,PISO FELP.CHARME 50X70        AM 189,"K - CAMA, MESA E BANHO",59508.561,Avaliar reducao de preco (demanda sensivel a preco)
467900,-0.4074157234517118,99.0,COLCHA CASAL+P.TRAV 3PC MILAO SORT.7,"K - CAMA, MESA E BANHO",179018.28,Avaliar reducao de preco (demanda sensivel a preco)
300810,-0.4069546178825047,32.0,RESIST.OPTIMA         5500W 102 M127,U - METAIS E ACESSORIOS,64285.165,Avaliar reducao de preco (demanda sensivel a preco)
484378,-0.4066030459970156,94.0,FECH.DIG.SOB.                  FR102,"G - PORTAS, JANELAS E FECHADURAS",493613.05,Avaliar reducao de preco (demanda sensivel a preco)
450826,-0.4057951673051574,123.0,TOALHA BANHAO RAVENNA        RS 3364,"K - CAMA, MESA E BANHO",43623.615000000005,Avaliar reducao de preco (demanda sensivel a preco)
434961,-0.4051996534028627,179.0,TOALHA BNH LUMINA NAVAL/AZ   3675247,"K - CAMA, MESA E BANHO",138543.475,Avaliar reducao de preco (demanda sensivel a preco)
440532,-0.404578417664424,183.0,FRIGIDEIRA ANTIAD.03PC      PT 05725,B - UTILIDADES DOMESTICAS,324645.5539102564,Avaliar reducao de preco (demanda sensivel a preco)
470327,-0.4038852913817069,177.0,PORTA-SHAMPOO BOX      BR     OR0173,U - METAIS E ACESSORIOS,112105.665,Avaliar reducao de preco (demanda sensivel a preco)
486781,-0.4038491462425165,123.0,LENCOL JG CASAL MICROTEC      SORT 5,"K - CAMA, MESA E BANHO",204060.696,Avaliar reducao de preco (demanda sensivel a preco)
442138,-0.4029821963617597,127.0,CADEIRA POLIP ALICE              OFF,O - MOVEIS,1027090.6625,Avaliar reducao de preco (demanda sensivel a preco)
471794,-0.4024860051133789,183.0,REFLETOR LED AL.20W          5952 VD,I - ILUMINACAO,62005.44,Avaliar reducao de preco (demanda sensivel a preco)
463142,-0.402150358203736,112.0,"LUMI. LED SOB. SLIM 2,34M BR 72W  BR",I - ILUMINACAO,112880.754,Avaliar reducao de preco (demanda sensivel a preco)
249008,-0.4021212973901911,154.0,FECH.IN RM IXP 901/882        VICTO.,"G - PORTAS, JANELAS E FECHADURAS",201993.4875,Avaliar reducao de preco (demanda sensivel a preco)
466797,-0.4010228149479088,140.0,TOALHA PRAIA 80X150 OCEAN    RS 3859,"K - CAMA, MESA E BANHO",49574.28,Avaliar reducao de preco (demanda sensivel a preco)
461378,-0.4003615441337524,77.0,COLCHA CASAL+P.TRAV 3PC JASMINE VD.O,"K - CAMA, MESA E BANHO",85390.872,Avaliar reducao de preco (demanda sensivel a preco)
